ISO-10303-21;
HEADER;
FILE_DESCRIPTION (( 'STEP AP203' ),
    '1' );
FILE_NAME ('Backup_House1.STEP',
    '2026-04-18T23:54:03',
    ( '' ),
    ( '' ),
    'SwSTEP 2.0',
    'SolidWorks 2020',
    '' );
FILE_SCHEMA (( 'CONFIG_CONTROL_DESIGN' ));
ENDSEC;

DATA;
#1 = CARTESIAN_POINT ( 'NONE',  ( -4.626713374904048374E-11, -160.0000000000000000, 100.7500000000000000 ) ) ;
#2 = CARTESIAN_POINT ( 'NONE',  ( -4.626713374904048374E-11, -160.0000000000000000, 64.25000000000000000 ) ) ;
#3 = ORIENTED_EDGE ( 'NONE', *, *, #1289, .T. ) ;
#4 = DIRECTION ( 'NONE',  ( -1.000000000000000000, 0.000000000000000000, 0.000000000000000000 ) ) ;
#5 = ORIENTED_EDGE ( 'NONE', *, *, #214, .T. ) ;
#6 = DIRECTION ( 'NONE',  ( -1.000000000000000000, 0.000000000000000000, 0.000000000000000000 ) ) ;
#7 = CONICAL_SURFACE ( 'NONE', #2762, 7.249999999999978684, 1.029744258676652535 ) ;
#8 = VECTOR ( 'NONE', #2864, 1000.000000000000000 ) ;
#9 = PERSON_AND_ORGANIZATION ( #1099, #2797 ) ;
#10 = ORIENTED_EDGE ( 'NONE', *, *, #2086, .T. ) ;
#11 = EDGE_CURVE ( 'NONE', #1667, #2195, #740, .T. ) ;
#12 = AXIS2_PLACEMENT_3D ( 'NONE', #1060, #2140, #2092 ) ;
#13 = B_SPLINE_SURFACE_WITH_KNOTS ( 'NONE', 3, 1, ( 
 ( #1769, #3073 ),
 ( #273, #2568 ),
 ( #540, #1261 ),
 ( #779, #2294 ) ),
 .UNSPECIFIED., .F., .F., .F.,
 ( 4, 4 ),
 ( 2, 2 ),
 ( 0.1153319365508379823, 0.2123368893181107886 ),
 ( 0.000000000000000000, 1.000000000000000000 ),
 .UNSPECIFIED. ) ;
#14 = CARTESIAN_POINT ( 'NONE',  ( 106.4999999999989626, 171.9060426512068318, 0.000000000000000000 ) ) ;
#15 = VERTEX_POINT ( 'NONE', #2127 ) ;
#16 = CARTESIAN_POINT ( 'NONE',  ( -1.685220024891636166E-11, -198.5000000000000000, 0.000000000000000000 ) ) ;
#17 = CONICAL_SURFACE ( 'NONE', #489, 7.249999999999978684, 1.029744258676652535 ) ;
#18 = ADVANCED_FACE ( 'NONE', ( #3174 ), #333, .F. ) ;
#19 = DIRECTION ( 'NONE',  ( 0.000000000000000000, 0.000000000000000000, 1.000000000000000000 ) ) ;
#20 = DIRECTION ( 'NONE',  ( 0.000000000000000000, 0.000000000000000000, -1.000000000000000000 ) ) ;
#21 = ORIENTED_EDGE ( 'NONE', *, *, #1806, .T. ) ;
#22 = EDGE_CURVE ( 'NONE', #1509, #2735, #1372, .T. ) ;
#23 = DIRECTION ( 'NONE',  ( -0.000000000000000000, -0.000000000000000000, -1.000000000000000000 ) ) ;
#24 = CARTESIAN_POINT ( 'NONE',  ( 99.24999999999896261, 171.9060426512068318, 0.000000000000000000 ) ) ;
#25 = CONICAL_SURFACE ( 'NONE', #1109, 7.250000000000006217, 1.029744258676655866 ) ;
#26 = AXIS2_PLACEMENT_3D ( 'NONE', #1741, #678, #957 ) ;
#27 = ORIENTED_EDGE ( 'NONE', *, *, #77, .T. ) ;
#28 = CARTESIAN_POINT ( 'NONE',  ( 211.0000000000000284, 2.584004746200915413E-14, 152.2500000000000000 ) ) ;
#29 = DIRECTION ( 'NONE',  ( -0.000000000000000000, -0.000000000000000000, -1.000000000000000000 ) ) ;
#30 = VERTEX_POINT ( 'NONE', #1720 ) ;
#31 = DIRECTION ( 'NONE',  ( -1.000000000000000000, 0.000000000000000000, 0.000000000000000000 ) ) ;
#32 = EDGE_CURVE ( 'NONE', #1892, #164, #2208, .T. ) ;
#33 = LINE ( 'NONE', #2275, #2645 ) ;
#34 = CYLINDRICAL_SURFACE ( 'NONE', #2363, 7.249999999999997335 ) ;
#35 = EDGE_CURVE ( 'NONE', #404, #1430, #690, .T. ) ;
#36 = AXIS2_PLACEMENT_3D ( 'NONE', #934, #919, #1449 ) ;
#37 = VERTEX_POINT ( 'NONE', #2670 ) ;
#38 = ORIENTED_EDGE ( 'NONE', *, *, #2199, .T. ) ;
#39 = FACE_OUTER_BOUND ( 'NONE', #661, .T. ) ;
#40 = ORIENTED_EDGE ( 'NONE', *, *, #927, .T. ) ;
#41 = CARTESIAN_POINT ( 'NONE',  ( 185.9999999999999716, 2.277843046414076596E-14, 10.00000000000000000 ) ) ;
#42 = AXIS2_PLACEMENT_3D ( 'NONE', #863, #1604, #1905 ) ;
#43 = AXIS2_PLACEMENT_3D ( 'NONE', #1259, #3071, #967 ) ;
#44 = AXIS2_PLACEMENT_3D ( 'NONE', #695, #1452, #1940 ) ;
#45 = EDGE_LOOP ( 'NONE', ( #299, #1765 ) ) ;
#46 = EDGE_LOOP ( 'NONE', ( #3019, #237 ) ) ;
#47 = FACE_OUTER_BOUND ( 'NONE', #2936, .T. ) ;
#48 = AXIS2_PLACEMENT_3D ( 'NONE', #2581, #29, #365 ) ;
#49 = CARTESIAN_POINT ( 'NONE',  ( -92.00000000000022737, 171.9060426512109530, 36.50000000000000000 ) ) ;
#50 = ORIENTED_EDGE ( 'NONE', *, *, #866, .F. ) ;
#51 = LINE ( 'NONE', #587, #3217 ) ;
#52 = DIRECTION ( 'NONE',  ( -0.000000000000000000, -0.000000000000000000, -1.000000000000000000 ) ) ;
#53 = CARTESIAN_POINT ( 'NONE',  ( 72.74999999995682742, -138.5640646055217928, 100.7500000000000000 ) ) ;
#54 = ORIENTED_EDGE ( 'NONE', *, *, #2878, .F. ) ;
#55 = CARTESIAN_POINT ( 'NONE',  ( 91.99999999998425437, -171.9060426512153299, -6.674325055353047628E-16 ) ) ;
#56 = FACE_BOUND ( 'NONE', #1238, .T. ) ;
#57 = AXIS2_PLACEMENT_3D ( 'NONE', #482, #766, #2503 ) ;
#58 = EDGE_CURVE ( 'NONE', #780, #3136, #841, .T. ) ;
#59 = VERTEX_POINT ( 'NONE', #1942 ) ;
#60 = EDGE_LOOP ( 'NONE', ( #2659, #3167 ) ) ;
#61 = DIRECTION ( 'NONE',  ( -1.000000000000000000, 0.000000000000000000, 0.000000000000000000 ) ) ;
#62 = CIRCLE ( 'NONE', #584, 7.249999999999998224 ) ;
#63 = ORIENTED_EDGE ( 'NONE', *, *, #977, .F. ) ;
#64 = DIRECTION ( 'NONE',  ( -1.000000000000000000, 0.000000000000000000, 0.000000000000000000 ) ) ;
#65 = ORIENTED_EDGE ( 'NONE', *, *, #11, .F. ) ;
#66 = FACE_OUTER_BOUND ( 'NONE', #2779, .T. ) ;
#67 = CARTESIAN_POINT ( 'NONE',  ( 138.5640646054754939, -80.00000000002009415, 64.25000000000000000 ) ) ;
#68 = CARTESIAN_POINT ( 'NONE',  ( -7.194164143926074395, -197.6019452853580276, 36.50000000000000000 ) ) ;
#69 = ADVANCED_FACE ( 'NONE', ( #638 ), #408, .F. ) ;
#70 = ORIENTED_EDGE ( 'NONE', *, *, #154, .T. ) ;
#71 = DIRECTION ( 'NONE',  ( -1.000000000000000000, 0.000000000000000000, 0.000000000000000000 ) ) ;
#72 = CC_DESIGN_PERSON_AND_ORGANIZATION_ASSIGNMENT ( #2032, #3049, ( #1081 ) ) ;
#73 = EDGE_LOOP ( 'NONE', ( #1073, #319, #2539, #1356, #2655, #3125, #366, #1793 ) ) ;
#74 = LINE ( 'NONE', #876, #2928 ) ;
#75 = AXIS2_PLACEMENT_3D ( 'NONE', #3094, #1234, #1821 ) ;
#76 = ORIENTED_EDGE ( 'NONE', *, *, #1490, .F. ) ;
#77 = EDGE_CURVE ( 'NONE', #1605, #475, #2871, .T. ) ;
#78 = ORIENTED_EDGE ( 'NONE', *, *, #3118, .T. ) ;
#79 = DIRECTION ( 'NONE',  ( -0.000000000000000000, -0.000000000000000000, -1.000000000000000000 ) ) ;
#80 = ORIENTED_EDGE ( 'NONE', *, *, #535, .T. ) ;
#81 = DIRECTION ( 'NONE',  ( -1.000000000000000000, 0.000000000000000000, 0.000000000000000000 ) ) ;
#82 = EDGE_LOOP ( 'NONE', ( #206, #431, #90, #106 ) ) ;
#83 = DIRECTION ( 'NONE',  ( -0.000000000000000000, -0.000000000000000000, -1.000000000000000000 ) ) ;
#84 = DIRECTION ( 'NONE',  ( -0.000000000000000000, -0.000000000000000000, -1.000000000000000000 ) ) ;
#85 = DIRECTION ( 'NONE',  ( 0.8571673007021113344, 1.049727191138617463E-16, -0.5150380749100558209 ) ) ;
#86 = ORIENTED_EDGE ( 'NONE', *, *, #1484, .F. ) ;
#87 = DIRECTION ( 'NONE',  ( -0.000000000000000000, -0.000000000000000000, -1.000000000000000000 ) ) ;
#88 = DIRECTION ( 'NONE',  ( -0.3162277660168381632, -0.9486832980505137680, 0.000000000000000000 ) ) ;
#89 = AXIS2_PLACEMENT_3D ( 'NONE', #2088, #2837, #1342 ) ;
#90 = ORIENTED_EDGE ( 'NONE', *, *, #2565, .T. ) ;
#91 = AXIS2_PLACEMENT_3D ( 'NONE', #1895, #396, #2414 ) ;
#92 = CIRCLE ( 'NONE', #1511, 211.0000000000000284 ) ;
#93 = ORIENTED_EDGE ( 'NONE', *, *, #1149, .F. ) ;
#94 = FACE_OUTER_BOUND ( 'NONE', #3052, .T. ) ;
#95 = ADVANCED_FACE ( 'NONE', ( #3226 ), #2475, .T. ) ;
#96 = CIRCLE ( 'NONE', #1941, 7.250000000000006217 ) ;
#97 = DIRECTION ( 'NONE',  ( -0.000000000000000000, -0.000000000000000000, -1.000000000000000000 ) ) ;
#98 = ORIENTED_EDGE ( 'NONE', *, *, #2241, .F. ) ;
#99 = ADVANCED_FACE ( 'NONE', ( #159 ), #488, .F. ) ;
#100 = CARTESIAN_POINT ( 'NONE',  ( -179.1560426512237427, -99.24999999999269562, -6.674325055353047628E-16 ) ) ;
#101 = LOCAL_TIME ( 1, 54, 3.000000000000000000, #1187 ) ;
#102 = CARTESIAN_POINT ( 'NONE',  ( -7.194164143926074395, -197.6019452853580276, 36.50000000000000000 ) ) ;
#103 = DIRECTION ( 'NONE',  ( -1.000000000000000000, 0.000000000000000000, 0.000000000000000000 ) ) ;
#104 = DIRECTION ( 'NONE',  ( -1.000000000000000000, 0.000000000000000000, 0.000000000000000000 ) ) ;
#105 = DIRECTION ( 'NONE',  ( -0.000000000000000000, -0.000000000000000000, -1.000000000000000000 ) ) ;
#106 = ORIENTED_EDGE ( 'NONE', *, *, #2226, .T. ) ;
#107 = DIRECTION ( 'NONE',  ( -0.000000000000000000, -0.000000000000000000, -1.000000000000000000 ) ) ;
#108 = ORIENTED_EDGE ( 'NONE', *, *, #331, .T. ) ;
#109 = AXIS2_PLACEMENT_3D ( 'NONE', #2567, #1815, #340 ) ;
#110 = EDGE_CURVE ( 'NONE', #929, #1171, #227, .T. ) ;
#111 = FACE_OUTER_BOUND ( 'NONE', #2061, .T. ) ;
#112 = ORIENTED_EDGE ( 'NONE', *, *, #1849, .T. ) ;
#113 = FACE_OUTER_BOUND ( 'NONE', #1522, .T. ) ;
#114 = CIRCLE ( 'NONE', #2978, 7.249999999999995559 ) ;
#115 = AXIS2_PLACEMENT_3D ( 'NONE', #2829, #1991, #549 ) ;
#116 = EDGE_CURVE ( 'NONE', #3126, #1880, #1433, .T. ) ;
#117 = CONICAL_SURFACE ( 'NONE', #935, 7.249999999999995559, 1.029744258676654534 ) ;
#118 = CARTESIAN_POINT ( 'NONE',  ( -179.1560426512152731, 99.25000000000731859, 36.50000000000000000 ) ) ;
#119 = CARTESIAN_POINT ( 'NONE',  ( -180.9999999999999716, 0.000000000000000000, 10.00000000000000000 ) ) ;
#120 = ADVANCED_FACE ( 'NONE', ( #1961 ), #2192, .F. ) ;
#121 = VERTEX_POINT ( 'NONE', #1152 ) ;
#122 = LINE ( 'NONE', #2076, #181 ) ;
#123 = DIRECTION ( 'NONE',  ( -0.000000000000000000, -0.000000000000000000, -1.000000000000000000 ) ) ;
#124 = CIRCLE ( 'NONE', #1098, 7.249999999999978684 ) ;
#125 = VERTEX_POINT ( 'NONE', #2981 ) ;
#126 = CYLINDRICAL_SURFACE ( 'NONE', #2870, 7.250000000000006217 ) ;
#127 = VERTEX_POINT ( 'NONE', #697 ) ;
#128 = CYLINDRICAL_SURFACE ( 'NONE', #658, 7.250000000000006217 ) ;
#129 = ORIENTED_EDGE ( 'NONE', *, *, #3151, .F. ) ;
#130 = ORIENTED_EDGE ( 'NONE', *, *, #2199, .F. ) ;
#131 = DIRECTION ( 'NONE',  ( -0.000000000000000000, -0.000000000000000000, -1.000000000000000000 ) ) ;
#132 = EDGE_LOOP ( 'NONE', ( #1350, #1611, #645, #2013 ) ) ;
#133 = CARTESIAN_POINT ( 'NONE',  ( 169.1489316994268961, 105.9552844234584796, 126.1249999999999858 ) ) ;
#134 = CARTESIAN_POINT ( 'NONE',  ( 177.5963523492672209, 94.75746446422208180, 36.50000000000000000 ) ) ;
#135 = EDGE_CURVE ( 'NONE', #1609, #1817, #2174, .T. ) ;
#136 = EDGE_CURVE ( 'NONE', #1139, #2326, #655, .T. ) ;
#137 = DIRECTION ( 'NONE',  ( -0.000000000000000000, -0.000000000000000000, -1.000000000000000000 ) ) ;
#138 = CARTESIAN_POINT ( 'NONE',  ( 0.000000000000000000, 160.0000000000000000, 100.7500000000000000 ) ) ;
#139 = DIRECTION ( 'NONE',  ( -1.000000000000000000, 0.000000000000000000, 0.000000000000000000 ) ) ;
#140 = ORIENTED_EDGE ( 'NONE', *, *, #3163, .T. ) ;
#141 = DIRECTION ( 'NONE',  ( -1.000000000000000000, 0.000000000000000000, 0.000000000000000000 ) ) ;
#142 = AXIS2_PLACEMENT_3D ( 'NONE', #1652, #2945, #2471 ) ;
#143 = CIRCLE ( 'NONE', #1724, 180.9999999999999716 ) ;
#144 = DIRECTION ( 'NONE',  ( -0.000000000000000000, -0.000000000000000000, -1.000000000000000000 ) ) ;
#145 = VERTEX_POINT ( 'NONE', #425 ) ;
#146 = DIRECTION ( 'NONE',  ( -1.000000000000000000, 0.000000000000000000, 0.000000000000000000 ) ) ;
#147 = AXIS2_PLACEMENT_3D ( 'NONE', #1355, #2083, #64 ) ;
#148 = ORIENTED_EDGE ( 'NONE', *, *, #1273, .T. ) ;
#149 = DIRECTION ( 'NONE',  ( -1.000000000000000000, 0.000000000000000000, 0.000000000000000000 ) ) ;
#150 = LINE ( 'NONE', #684, #2261 ) ;
#151 = B_SPLINE_CURVE_WITH_KNOTS ( 'NONE', 3,
 ( #813, #1835, #2856, #2888 ),
 .UNSPECIFIED., .F., .F.,
 ( 4, 4 ),
 ( 0.8334892372764930446, 0.9026528547339369712 ),
 .UNSPECIFIED. ) ;
#152 = AXIS2_PLACEMENT_3D ( 'NONE', #2365, #97, #601 ) ;
#153 = ORIENTED_EDGE ( 'NONE', *, *, #2289, .F. ) ;
#154 = EDGE_CURVE ( 'NONE', #715, #741, #996, .T. ) ;
#155 = DIRECTION ( 'NONE',  ( 1.000000000000000000, 0.000000000000000000, 0.000000000000000000 ) ) ;
#156 = FACE_OUTER_BOUND ( 'NONE', #2249, .T. ) ;
#157 = CYLINDRICAL_SURFACE ( 'NONE', #2904, 7.249999999999978684 ) ;
#158 = ADVANCED_FACE ( 'NONE', ( #1803, #39 ), #2540, .T. ) ;
#159 = FACE_OUTER_BOUND ( 'NONE', #325, .T. ) ;
#160 = DIRECTION ( 'NONE',  ( -0.000000000000000000, -0.000000000000000000, -1.000000000000000000 ) ) ;
#161 = ADVANCED_FACE ( 'NONE', ( #3076 ), #437, .F. ) ;
#162 = CARTESIAN_POINT ( 'NONE',  ( 199.1593598043430404, 7.219954615391023012, 26.12500000000003908 ) ) ;
#163 = ORIENTED_EDGE ( 'NONE', *, *, #2226, .F. ) ;
#164 = VERTEX_POINT ( 'NONE', #2257 ) ;
#165 = CARTESIAN_POINT ( 'NONE',  ( 152.7499999999768647, -2.315316122330659707E-11, 100.7500000000000000 ) ) ;
#166 = EDGE_CURVE ( 'NONE', #3182, #891, #1974, .T. ) ;
#167 = CIRCLE ( 'NONE', #2544, 7.250000000000006217 ) ;
#168 = EDGE_LOOP ( 'NONE', ( #1802, #3092, #749 ) ) ;
#169 = CONICAL_SURFACE ( 'NONE', #1364, 7.249999999999984013, 1.029744258676653201 ) ;
#170 = CARTESIAN_POINT ( 'NONE',  ( -171.9060426512237427, -99.24999999999269562, -6.674325055353047628E-16 ) ) ;
#171 = DIRECTION ( 'NONE',  ( -0.8571673007021117785, 0.000000000000000000, -0.5150380749100550437 ) ) ;
#172 = AXIS2_PLACEMENT_3D ( 'NONE', #918, #2954, #2405 ) ;
#173 = ORIENTED_EDGE ( 'NONE', *, *, #2830, .F. ) ;
#174 = EDGE_LOOP ( 'NONE', ( #3117, #1072, #1629 ) ) ;
#175 = DIRECTION ( 'NONE',  ( -0.000000000000000000, -0.000000000000000000, -1.000000000000000000 ) ) ;
#176 = DIRECTION ( 'NONE',  ( -0.000000000000000000, -0.000000000000000000, -1.000000000000000000 ) ) ;
#177 = AXIS2_PLACEMENT_3D ( 'NONE', #245, #1232, #500 ) ;
#178 = LINE ( 'NONE', #2446, #1077 ) ;
#179 = DIRECTION ( 'NONE',  ( -1.000000000000000000, 0.000000000000000000, 0.000000000000000000 ) ) ;
#180 = CARTESIAN_POINT ( 'NONE',  ( 171.9060426511984190, -99.25000000000737543, 40.85623948794980720 ) ) ;
#181 = VECTOR ( 'NONE', #800, 1000.000000000000000 ) ;
#182 = EDGE_LOOP ( 'NONE', ( #1357, #140, #2781 ) ) ;
#183 = DIRECTION ( 'NONE',  ( -0.000000000000000000, -0.000000000000000000, -1.000000000000000000 ) ) ;
#184 = EDGE_CURVE ( 'NONE', #2389, #838, #2805, .T. ) ;
#185 = ORIENTED_EDGE ( 'NONE', *, *, #1791, .T. ) ;
#186 = DIRECTION ( 'NONE',  ( -0.000000000000000000, -0.000000000000000000, -1.000000000000000000 ) ) ;
#187 = LINE ( 'NONE', #1126, #1401 ) ;
#188 = VERTEX_POINT ( 'NONE', #974 ) ;
#189 = FACE_OUTER_BOUND ( 'NONE', #868, .T. ) ;
#190 = CARTESIAN_POINT ( 'NONE',  ( 131.3140646054986860, 79.99999999997986322, 64.25000000000000000 ) ) ;
#191 = LINE ( 'NONE', #2222, #723 ) ;
#192 = DIRECTION ( 'NONE',  ( -0.000000000000000000, -0.000000000000000000, -1.000000000000000000 ) ) ;
#193 = DIRECTION ( 'NONE',  ( -0.000000000000000000, -0.000000000000000000, -1.000000000000000000 ) ) ;
#194 = APPROVAL_ROLE ( '' ) ;
#195 = ORIENTED_EDGE ( 'NONE', *, *, #2385, .T. ) ;
#196 = EDGE_CURVE ( 'NONE', #2295, #2489, #2292, .T. ) ;
#197 = FACE_OUTER_BOUND ( 'NONE', #182, .T. ) ;
#198 = APPROVAL ( #746, 'UNSPECIFIED' ) ;
#199 = AXIS2_PLACEMENT_3D ( 'NONE', #907, #176, #223 ) ;
#200 = ORIENTED_EDGE ( 'NONE', *, *, #2878, .T. ) ;
#201 = CARTESIAN_POINT ( 'NONE',  ( -99.25000000000019895, 171.9060426512109530, 36.50000000000000000 ) ) ;
#202 = AXIS2_PLACEMENT_3D ( 'NONE', #16, #736, #1016 ) ;
#203 = LINE ( 'NONE', #2485, #1830 ) ;
#204 = EDGE_CURVE ( 'NONE', #15, #2326, #3188, .T. ) ;
#205 = CIRCLE ( 'NONE', #511, 7.250000000000006217 ) ;
#206 = ORIENTED_EDGE ( 'NONE', *, *, #3095, .F. ) ;
#207 = DIRECTION ( 'NONE',  ( -0.000000000000000000, -0.000000000000000000, -1.000000000000000000 ) ) ;
#208 = CARTESIAN_POINT ( 'NONE',  ( 138.5640646054754939, -80.00000000002009415, 64.25000000000000000 ) ) ;
#209 = CARTESIAN_POINT ( 'NONE',  ( -131.3140646055217644, 80.00000000002003731, 64.25000000000000000 ) ) ;
#210 = CARTESIAN_POINT ( 'NONE',  ( 0.000000000000000000, 198.5000000000000000, 36.50000000000000000 ) ) ;
#211 = LINE ( 'NONE', #3243, #752 ) ;
#212 = ORIENTED_EDGE ( 'NONE', *, *, #3257, .T. ) ;
#213 = CARTESIAN_POINT ( 'NONE',  ( -7.249999999999997335, 160.0000000000000000, 64.25000000000000000 ) ) ;
#214 = EDGE_CURVE ( 'NONE', #2341, #880, #3015, .T. ) ;
#215 = FACE_OUTER_BOUND ( 'NONE', #471, .T. ) ;
#216 = ORIENTED_EDGE ( 'NONE', *, *, #2461, .F. ) ;
#217 = DIRECTION ( 'NONE',  ( -0.000000000000000000, -0.000000000000000000, -1.000000000000000000 ) ) ;
#218 = DIRECTION ( 'NONE',  ( -0.000000000000000000, -0.000000000000000000, -1.000000000000000000 ) ) ;
#219 = ADVANCED_FACE ( 'NONE', ( #2014 ), #2714, .F. ) ;
#220 = ORIENTED_EDGE ( 'NONE', *, *, #32, .F. ) ;
#221 = EDGE_CURVE ( 'NONE', #838, #2742, #2760, .T. ) ;
#222 = DIRECTION ( 'NONE',  ( -0.000000000000000000, -0.000000000000000000, 1.000000000000000000 ) ) ;
#223 = DIRECTION ( 'NONE',  ( -1.000000000000000000, 0.000000000000000000, 0.000000000000000000 ) ) ;
#224 = AXIS2_PLACEMENT_3D ( 'NONE', #3216, #1950, #1159 ) ;
#225 = EDGE_CURVE ( 'NONE', #1374, #164, #339, .T. ) ;
#226 = EDGE_LOOP ( 'NONE', ( #1353, #1391, #3250, #1810 ) ) ;
#227 = LINE ( 'NONE', #925, #2236 ) ;
#228 = CARTESIAN_POINT ( 'NONE',  ( -191.2500000000084412, 8.426987993387561681E-12, -6.674325055353047628E-16 ) ) ;
#229 = EDGE_CURVE ( 'NONE', #2195, #1667, #2073, .T. ) ;
#230 = CIRCLE ( 'NONE', #1755, 7.249999999999978684 ) ;
#231 = SECURITY_CLASSIFICATION_LEVEL ( 'unclassified' ) ;
#232 = ORIENTED_EDGE ( 'NONE', *, *, #1195, .F. ) ;
#233 = B_SPLINE_CURVE_WITH_KNOTS ( 'NONE', 3,
 ( #3003, #3020, #2733, #458, #234, #2749, #3265, #962, #476, #948, #1710, #716 ),
 .UNSPECIFIED., .F., .F.,
 ( 4, 2, 2, 2, 2, 4 ),
 ( 0.008163702668184424568, 0.008681814727039801130, 0.009199926785895179426, 0.01023615090360593081, 0.01230859913902742492, 0.01645349560987041659 ),
 .UNSPECIFIED. ) ;
#234 = CARTESIAN_POINT ( 'NONE',  ( 199.3682831073467696, 0.8314619811277873529, 40.13673051434940930 ) ) ;
#235 = EDGE_LOOP ( 'NONE', ( #2366, #805, #1912, #2404, #843, #1111 ) ) ;
#236 = CARTESIAN_POINT ( 'NONE',  ( 171.9060426512069171, 99.24999999999258193, 26.12500000000000355 ) ) ;
#237 = ORIENTED_EDGE ( 'NONE', *, *, #2772, .F. ) ;
#238 = DIRECTION ( 'NONE',  ( -1.000000000000000000, 0.000000000000000000, 0.000000000000000000 ) ) ;
#239 = ORIENTED_EDGE ( 'NONE', *, *, #613, .T. ) ;
#240 = VECTOR ( 'NONE', #2311, 1000.000000000000000 ) ;
#241 = CARTESIAN_POINT ( 'NONE',  ( 7.249999999999984013, 198.5000000000000000, 36.50000000000000000 ) ) ;
#242 = EDGE_CURVE ( 'NONE', #127, #1492, #1592, .T. ) ;
#243 = CARTESIAN_POINT ( 'NONE',  ( -131.3140646055448997, -79.99999999997994848, 64.25000000000000000 ) ) ;
#244 = ORIENTED_EDGE ( 'NONE', *, *, #77, .F. ) ;
#245 = CARTESIAN_POINT ( 'NONE',  ( 79.99999999995681321, -138.5640646055217928, 100.7500000000000000 ) ) ;
#246 = CARTESIAN_POINT ( 'NONE',  ( 198.4999999999915872, -8.450409363421256829E-12, 40.85623948794980720 ) ) ;
#247 = ORIENTED_EDGE ( 'NONE', *, *, #454, .T. ) ;
#248 = FACE_OUTER_BOUND ( 'NONE', #235, .T. ) ;
#249 = LINE ( 'NONE', #3022, #3119 ) ;
#250 = ORIENTED_EDGE ( 'NONE', *, *, #2926, .F. ) ;
#251 = DIRECTION ( 'NONE',  ( 1.000000000000000000, 0.000000000000000000, -0.000000000000000000 ) ) ;
#252 = CONICAL_SURFACE ( 'NONE', #1722, 7.250000000000006217, 1.029744258676655866 ) ;
#253 = AXIS2_PLACEMENT_3D ( 'NONE', #2725, #1165, #893 ) ;
#254 = ORIENTED_EDGE ( 'NONE', *, *, #2838, .F. ) ;
#255 = LOCAL_TIME ( 1, 54, 3.000000000000000000, #266 ) ;
#256 = AXIS2_PLACEMENT_3D ( 'NONE', #763, #2769, #1272 ) ;
#257 = CARTESIAN_POINT ( 'NONE',  ( 198.4999999999915872, -8.450409363421256829E-12, 26.12500000000000355 ) ) ;
#258 = CARTESIAN_POINT ( 'NONE',  ( -99.99938217056329393, -166.6668726098122590, 37.68490994292115914 ) ) ;
#259 = CONICAL_SURFACE ( 'NONE', #1134, 7.250000000000006217, 1.029744258676655866 ) ;
#260 = EDGE_CURVE ( 'NONE', #2698, #1656, #1976, .T. ) ;
#261 = ORIENTED_EDGE ( 'NONE', *, *, #2513, .T. ) ;
#262 = VECTOR ( 'NONE', #2334, 1000.000000000000000 ) ;
#263 = DIRECTION ( 'NONE',  ( -0.000000000000000000, -0.000000000000000000, -1.000000000000000000 ) ) ;
#264 = ORIENTED_EDGE ( 'NONE', *, *, #465, .T. ) ;
#265 = FACE_BOUND ( 'NONE', #1517, .T. ) ;
#266 = COORDINATED_UNIVERSAL_TIME_OFFSET ( 2, 0, .AHEAD. ) ;
#267 = ORIENTED_EDGE ( 'NONE', *, *, #2522, .T. ) ;
#268 = EDGE_CURVE ( 'NONE', #1116, #665, #634, .T. ) ;
#269 = CARTESIAN_POINT ( 'NONE',  ( 0.000000000000000000, 0.000000000000000000, 10.00000000000000000 ) ) ;
#270 = ORIENTED_EDGE ( 'NONE', *, *, #342, .F. ) ;
#271 = DIRECTION ( 'NONE',  ( -0.000000000000000000, -0.000000000000000000, -1.000000000000000000 ) ) ;
#272 = DIRECTION ( 'NONE',  ( -1.000000000000000000, 0.000000000000000000, 0.000000000000000000 ) ) ;
#273 = CARTESIAN_POINT ( 'NONE',  ( 172.2832353201157787, 102.1573769118353141, 39.73853444929279988 ) ) ;
#274 = CIRCLE ( 'NONE', #1795, 7.249999999999978684 ) ;
#275 = VERTEX_POINT ( 'NONE', #782 ) ;
#276 = FACE_OUTER_BOUND ( 'NONE', #2358, .T. ) ;
#277 = VERTEX_POINT ( 'NONE', #1279 ) ;
#278 = FACE_OUTER_BOUND ( 'NONE', #3283, .T. ) ;
#279 = AXIS2_PLACEMENT_3D ( 'NONE', #2470, #137, #635 ) ;
#280 = VECTOR ( 'NONE', #2736, 1000.000000000000000 ) ;
#281 = EDGE_LOOP ( 'NONE', ( #3035, #2787, #541, #2313 ) ) ;
#282 = DIRECTION ( 'NONE',  ( 0.000000000000000000, 0.000000000000000000, -1.000000000000000000 ) ) ;
#283 = EDGE_CURVE ( 'NONE', #703, #2393, #310, .T. ) ;
#284 = B_SPLINE_SURFACE_WITH_KNOTS ( 'NONE', 3, 1, ( 
 ( #913, #162 ),
 ( #1154, #2162 ),
 ( #2194, #679 ),
 ( #3177, #1170 ) ),
 .UNSPECIFIED., .F., .F., .F.,
 ( 4, 4 ),
 ( 2, 2 ),
 ( 0.8334892372764850510, 0.9026528550438509546 ),
 ( 0.000000000000000000, 1.000000000000000000 ),
 .UNSPECIFIED. ) ;
#285 = ADVANCED_FACE ( 'NONE', ( #3061 ), #290, .F. ) ;
#286 = CARTESIAN_POINT ( 'NONE',  ( -87.25000000000312639, 138.5640646055217076, 64.25000000000000000 ) ) ;
#287 = ORIENTED_EDGE ( 'NONE', *, *, #2241, .T. ) ;
#288 = EDGE_CURVE ( 'NONE', #1055, #586, #2398, .T. ) ;
#289 = DIRECTION ( 'NONE',  ( -1.000000000000000000, 0.000000000000000000, 0.000000000000000000 ) ) ;
#290 = CONICAL_SURFACE ( 'NONE', #2129, 7.249999999999984013, 1.029744258676653201 ) ;
#291 = CARTESIAN_POINT ( 'NONE',  ( 0.000000000000000000, 198.5000000000000000, 0.000000000000000000 ) ) ;
#292 = CARTESIAN_POINT ( 'NONE',  ( -171.9060426512237427, -99.24999999999269562, 40.85623948794980720 ) ) ;
#293 = ORIENTED_EDGE ( 'NONE', *, *, #1931, .T. ) ;
#294 = ORIENTED_EDGE ( 'NONE', *, *, #331, .F. ) ;
#295 = DIRECTION ( 'NONE',  ( -1.000000000000000000, 0.000000000000000000, 0.000000000000000000 ) ) ;
#296 = CARTESIAN_POINT ( 'NONE',  ( 131.3140646054986860, 79.99999999997986322, 100.7500000000000000 ) ) ;
#297 = ORIENTED_EDGE ( 'NONE', *, *, #1023, .T. ) ;
#298 = CARTESIAN_POINT ( 'NONE',  ( -87.25000000000312639, 138.5640646055217076, 64.25000000000000000 ) ) ;
#299 = ORIENTED_EDGE ( 'NONE', *, *, #574, .F. ) ;
#300 = ADVANCED_FACE ( 'NONE', ( #276 ), #2078, .F. ) ;
#301 = CARTESIAN_POINT ( 'NONE',  ( -80.00000000000314060, 138.5640646055217076, 64.25000000000000000 ) ) ;
#302 = EDGE_LOOP ( 'NONE', ( #505, #2109, #528, #2010 ) ) ;
#303 = DIRECTION ( 'NONE',  ( 0.000000000000000000, 0.000000000000000000, 1.000000000000000000 ) ) ;
#304 = DIRECTION ( 'NONE',  ( -0.000000000000000000, -0.000000000000000000, -1.000000000000000000 ) ) ;
#305 = AXIS2_PLACEMENT_3D ( 'NONE', #2977, #1417, #2688 ) ;
#306 = EDGE_CURVE ( 'NONE', #1863, #2310, #699, .T. ) ;
#307 = DIRECTION ( 'NONE',  ( -0.8571673007021121116, 0.000000000000000000, -0.5150380749100544886 ) ) ;
#308 = CIRCLE ( 'NONE', #1017, 7.250000000000006217 ) ;
#309 = VERTEX_POINT ( 'NONE', #2123 ) ;
#310 = LINE ( 'NONE', #2572, #3194 ) ;
#311 = DIRECTION ( 'NONE',  ( -0.000000000000000000, -0.000000000000000000, -1.000000000000000000 ) ) ;
#312 = CONICAL_SURFACE ( 'NONE', #1290, 7.249999999999992895, 1.029744258676654090 ) ;
#313 = AXIS2_PLACEMENT_3D ( 'NONE', #2693, #1200, #1673 ) ;
#314 = ORIENTED_EDGE ( 'NONE', *, *, #283, .F. ) ;
#315 = EDGE_LOOP ( 'NONE', ( #2794, #1971, #2332 ) ) ;
#316 = ORIENTED_EDGE ( 'NONE', *, *, #2403, .F. ) ;
#317 = FACE_OUTER_BOUND ( 'NONE', #2722, .T. ) ;
#318 = DIRECTION ( 'NONE',  ( -0.000000000000000000, -0.000000000000000000, -1.000000000000000000 ) ) ;
#319 = ORIENTED_EDGE ( 'NONE', *, *, #1468, .T. ) ;
#320 = LINE ( 'NONE', #794, #1778 ) ;
#321 = EDGE_CURVE ( 'NONE', #3032, #1892, #230, .T. ) ;
#322 = CARTESIAN_POINT ( 'NONE',  ( 79.99999999999697309, 138.5640646054985723, 100.7500000000000000 ) ) ;
#323 = CARTESIAN_POINT ( 'NONE',  ( -171.9060426512237427, -99.24999999999269562, 36.50000000000000000 ) ) ;
#324 = EDGE_CURVE ( 'NONE', #1492, #127, #2990, .T. ) ;
#325 = EDGE_LOOP ( 'NONE', ( #1223, #195, #70 ) ) ;
#326 = EDGE_LOOP ( 'NONE', ( #888, #5, #297, #2798 ) ) ;
#327 = CARTESIAN_POINT ( 'NONE',  ( 171.9166465408141846, 102.5150616858166330, 38.89800111084525014 ) ) ;
#328 = ORIENTED_EDGE ( 'NONE', *, *, #2464, .F. ) ;
#329 = DIRECTION ( 'NONE',  ( -1.000000000000000000, 0.000000000000000000, 0.000000000000000000 ) ) ;
#330 = CIRCLE ( 'NONE', #1034, 7.250000000000006217 ) ;
#331 = EDGE_CURVE ( 'NONE', #2589, #499, #3042, .T. ) ;
#332 = VECTOR ( 'NONE', #2091, 1000.000000000000000 ) ;
#333 = CYLINDRICAL_SURFACE ( 'NONE', #12, 7.250000000000006217 ) ;
#334 = FACE_OUTER_BOUND ( 'NONE', #2968, .T. ) ;
#335 = CIRCLE ( 'NONE', #224, 7.249999999999978684 ) ;
#336 = CARTESIAN_POINT ( 'NONE',  ( -164.6560426512237711, -99.24999999999269562, 36.50000000000000000 ) ) ;
#337 = VERTEX_POINT ( 'NONE', #2107 ) ;
#338 = DIRECTION ( 'NONE',  ( -1.000000000000000000, 0.000000000000000000, 0.000000000000000000 ) ) ;
#339 = CIRCLE ( 'NONE', #744, 7.249999999999992895 ) ;
#340 = DIRECTION ( 'NONE',  ( -1.000000000000000000, 0.000000000000000000, 0.000000000000000000 ) ) ;
#341 = CARTESIAN_POINT ( 'NONE',  ( -99.25000000001577405, -171.9060426512068318, -6.674325055353047628E-16 ) ) ;
#342 = EDGE_CURVE ( 'NONE', #2393, #2317, #2344, .T. ) ;
#343 = ORIENTED_EDGE ( 'NONE', *, *, #1633, .T. ) ;
#344 = DIRECTION ( 'NONE',  ( -0.000000000000000000, -0.000000000000000000, -1.000000000000000000 ) ) ;
#345 = DIRECTION ( 'NONE',  ( 0.000000000000000000, 0.000000000000000000, 1.000000000000000000 ) ) ;
#346 = VERTEX_POINT ( 'NONE', #2842 ) ;
#347 = DIRECTION ( 'NONE',  ( -1.000000000000000000, 0.000000000000000000, 0.000000000000000000 ) ) ;
#348 = FACE_OUTER_BOUND ( 'NONE', #2863, .T. ) ;
#349 = VERTEX_POINT ( 'NONE', #593 ) ;
#350 = CYLINDRICAL_SURFACE ( 'NONE', #2629, 7.249999999999997335 ) ;
#351 = DIRECTION ( 'NONE',  ( -0.000000000000000000, -0.000000000000000000, -1.000000000000000000 ) ) ;
#352 = CARTESIAN_POINT ( 'NONE',  ( -1.685220024891636166E-11, -198.5000000000000000, 36.50000000000000000 ) ) ;
#353 = DIRECTION ( 'NONE',  ( -1.000000000000000000, 0.000000000000000000, 0.000000000000000000 ) ) ;
#354 = DIRECTION ( 'NONE',  ( -1.000000000000000000, 0.000000000000000000, 0.000000000000000000 ) ) ;
#355 = VECTOR ( 'NONE', #2994, 1000.000000000000000 ) ;
#356 = ORIENTED_EDGE ( 'NONE', *, *, #961, .F. ) ;
#357 = CIRCLE ( 'NONE', #2421, 7.249999999999995559 ) ;
#358 = EDGE_LOOP ( 'NONE', ( #2046, #185, #247 ) ) ;
#359 = ORIENTED_EDGE ( 'NONE', *, *, #519, .F. ) ;
#360 = CARTESIAN_POINT ( 'NONE',  ( 167.2499999999768932, -2.315227335437721137E-11, 100.7500000000000000 ) ) ;
#361 = VERTEX_POINT ( 'NONE', #1603 ) ;
#362 = ADVANCED_FACE ( 'NONE', ( #1383 ), #17, .F. ) ;
#363 = CIRCLE ( 'NONE', #1076, 185.9999999999999716 ) ;
#364 = EDGE_CURVE ( 'NONE', #1347, #747, #1162, .T. ) ;
#365 = DIRECTION ( 'NONE',  ( -1.000000000000000000, 0.000000000000000000, 0.000000000000000000 ) ) ;
#366 = ORIENTED_EDGE ( 'NONE', *, *, #1588, .T. ) ;
#367 = CIRCLE ( 'NONE', #1407, 7.249999999999978684 ) ;
#368 = CARTESIAN_POINT ( 'NONE',  ( -7.249999999999998224, 160.0000000000000000, 64.25000000000000000 ) ) ;
#369 = DIRECTION ( 'NONE',  ( -1.000000000000000000, 0.000000000000000000, 0.000000000000000000 ) ) ;
#370 = DIRECTION ( 'NONE',  ( -0.000000000000000000, -0.000000000000000000, -1.000000000000000000 ) ) ;
#371 = EDGE_CURVE ( 'NONE', #349, #1051, #122, .T. ) ;
#372 = DIRECTION ( 'NONE',  ( -0.000000000000000000, -0.000000000000000000, -1.000000000000000000 ) ) ;
#373 = CARTESIAN_POINT ( 'NONE',  ( -145.8140646055448997, -79.99999999997994848, 100.7500000000000000 ) ) ;
#374 = CIRCLE ( 'NONE', #2920, 7.249999999999978684 ) ;
#375 = EDGE_LOOP ( 'NONE', ( #1264, #1762, #1557, #1378 ) ) ;
#376 = ORIENTED_EDGE ( 'NONE', *, *, #382, .T. ) ;
#377 = CARTESIAN_POINT ( 'NONE',  ( 205.7499999999915872, -8.449521494491875978E-12, 26.12500000000000355 ) ) ;
#378 = EDGE_LOOP ( 'NONE', ( #1513, #2862 ) ) ;
#379 = CONICAL_SURFACE ( 'NONE', #2017, 7.249999999999995559, 1.029744258676654534 ) ;
#380 = DIRECTION ( 'NONE',  ( -1.000000000000000000, 0.000000000000000000, 0.000000000000000000 ) ) ;
#381 = ORIENTED_EDGE ( 'NONE', *, *, #2976, .F. ) ;
#382 = EDGE_CURVE ( 'NONE', #715, #1667, #2604, .T. ) ;
#383 = ORIENTED_EDGE ( 'NONE', *, *, #364, .F. ) ;
#384 = VECTOR ( 'NONE', #683, 1000.000000000000000 ) ;
#385 = DIRECTION ( 'NONE',  ( -0.8571673007021128887, 0.000000000000000000, -0.5150380749100530453 ) ) ;
#386 = AXIS2_PLACEMENT_3D ( 'NONE', #1670, #3170, #421 ) ;
#387 = VERTEX_POINT ( 'NONE', #3142 ) ;
#388 = ADVANCED_FACE ( 'NONE', ( #1312 ), #944, .F. ) ;
#389 = FACE_OUTER_BOUND ( 'NONE', #837, .T. ) ;
#390 = CARTESIAN_POINT ( 'NONE',  ( 0.000000000000000000, 0.000000000000000000, 26.12499999999997513 ) ) ;
#391 = CARTESIAN_POINT ( 'NONE',  ( 173.1431664050263066, 100.9278020034185914, 39.60819172628924179 ) ) ;
#392 = LINE ( 'NONE', #2606, #332 ) ;
#393 = DIRECTION ( 'NONE',  ( -0.000000000000000000, -0.000000000000000000, -1.000000000000000000 ) ) ;
#394 = ORIENTED_EDGE ( 'NONE', *, *, #1958, .F. ) ;
#395 = CARTESIAN_POINT ( 'NONE',  ( 164.6560426511984190, -99.25000000000737543, 0.000000000000000000 ) ) ;
#396 = DIRECTION ( 'NONE',  ( -0.000000000000000000, -0.000000000000000000, -1.000000000000000000 ) ) ;
#397 = ORIENTED_EDGE ( 'NONE', *, *, #2889, .F. ) ;
#398 = CARTESIAN_POINT ( 'NONE',  ( 174.9725736576547206, 98.47885893209924291, 38.96310141076420308 ) ) ;
#399 = VERTEX_POINT ( 'NONE', #1056 ) ;
#400 = CIRCLE ( 'NONE', #797, 7.250000000000006217 ) ;
#401 = CARTESIAN_POINT ( 'NONE',  ( -145.8140646055217644, 80.00000000002003731, 100.7500000000000000 ) ) ;
#402 = DIRECTION ( 'NONE',  ( -0.000000000000000000, -0.000000000000000000, -1.000000000000000000 ) ) ;
#403 = ADVANCED_FACE ( 'NONE', ( #1872 ), #1648, .F. ) ;
#404 = VERTEX_POINT ( 'NONE', #55 ) ;
#405 = CARTESIAN_POINT ( 'NONE',  ( 169.5760159400584541, 105.4377766634015927, 36.88517696419310710 ) ) ;
#406 = CARTESIAN_POINT ( 'NONE',  ( -164.6560426512237711, -99.24999999999269562, 36.50000000000000000 ) ) ;
#407 = DIRECTION ( 'NONE',  ( -0.000000000000000000, -0.000000000000000000, -1.000000000000000000 ) ) ;
#408 = CYLINDRICAL_SURFACE ( 'NONE', #2985, 180.9999999999999716 ) ;
#409 = VERTEX_POINT ( 'NONE', #1040 ) ;
#410 = DIRECTION ( 'NONE',  ( -0.8571673007021128887, 0.000000000000000000, -0.5150380749100530453 ) ) ;
#411 = VECTOR ( 'NONE', #2012, 1000.000000000000000 ) ;
#412 = AXIS2_PLACEMENT_3D ( 'NONE', #1858, #2877, #2392 ) ;
#413 = LINE ( 'NONE', #3160, #2106 ) ;
#414 = ORIENTED_EDGE ( 'NONE', *, *, #135, .T. ) ;
#415 = CARTESIAN_POINT ( 'NONE',  ( 177.5963523492672209, 94.75746446422208180, 36.50000000000000000 ) ) ;
#416 = AXIS2_PLACEMENT_3D ( 'NONE', #2411, #1180, #1922 ) ;
#417 = ORIENTED_EDGE ( 'NONE', *, *, #2638, .F. ) ;
#418 = CARTESIAN_POINT ( 'NONE',  ( 177.5963523492672493, 94.75746446422205338, 26.12500000000000711 ) ) ;
#419 = DIRECTION ( 'NONE',  ( 1.000000000000000000, 0.000000000000000000, 0.000000000000000000 ) ) ;
#420 = AXIS2_PLACEMENT_3D ( 'NONE', #884, #2697, #380 ) ;
#421 = DIRECTION ( 'NONE',  ( -1.000000000000000000, 0.000000000000000000, 0.000000000000000000 ) ) ;
#422 = EDGE_CURVE ( 'NONE', #1892, #3032, #124, .T. ) ;
#423 = DIRECTION ( 'NONE',  ( -0.000000000000000000, -0.000000000000000000, -1.000000000000000000 ) ) ;
#424 = DIRECTION ( 'NONE',  ( -1.000000000000000000, 0.000000000000000000, 0.000000000000000000 ) ) ;
#425 = CARTESIAN_POINT ( 'NONE',  ( 180.9999999999999716, 2.216610706456709021E-14, 10.00000000000000000 ) ) ;
#426 = CARTESIAN_POINT ( 'NONE',  ( -99.25000000001577405, -171.9060426512068318, 26.12499999999997513 ) ) ;
#427 = DIRECTION ( 'NONE',  ( -0.000000000000000000, -0.000000000000000000, -1.000000000000000000 ) ) ;
#428 = ORIENTED_EDGE ( 'NONE', *, *, #2023, .F. ) ;
#429 = DIRECTION ( 'NONE',  ( -1.000000000000000000, 0.000000000000000000, 0.000000000000000000 ) ) ;
#430 = CIRCLE ( 'NONE', #2973, 211.0000000000000284 ) ;
#431 = ORIENTED_EDGE ( 'NONE', *, *, #2624, .F. ) ;
#432 = CARTESIAN_POINT ( 'NONE',  ( -99.25000000001577405, -171.9060426512068318, -6.674325055353047628E-16 ) ) ;
#433 = FACE_BOUND ( 'NONE', #2433, .T. ) ;
#434 = CIRCLE ( 'NONE', #1485, 7.249999999999985789 ) ;
#435 = CARTESIAN_POINT ( 'NONE',  ( 99.24999999999896261, 171.9060426512068318, 36.50000000000000000 ) ) ;
#436 = LINE ( 'NONE', #2706, #3111 ) ;
#437 = CONICAL_SURFACE ( 'NONE', #2766, 7.250000000000006217, 1.029744258676655866 ) ;
#438 = CARTESIAN_POINT ( 'NONE',  ( -138.5640646055217644, 80.00000000002003731, 64.25000000000000000 ) ) ;
#439 = CARTESIAN_POINT ( 'NONE',  ( 199.4043129057148747, -0.4196232700131996562, 40.25869397446327014 ) ) ;
#440 = CARTESIAN_POINT ( 'NONE',  ( -160.0000000000231353, 2.313356687452024187E-11, 100.7500000000000000 ) ) ;
#441 = AXIS2_PLACEMENT_3D ( 'NONE', #564, #1091, #3127 ) ;
#442 = DIRECTION ( 'NONE',  ( -1.000000000000000000, 0.000000000000000000, 0.000000000000000000 ) ) ;
#443 = ORIENTED_EDGE ( 'NONE', *, *, #668, .T. ) ;
#444 = CARTESIAN_POINT ( 'NONE',  ( -138.5640646055217644, 80.00000000002003731, 100.7500000000000000 ) ) ;
#445 = EDGE_LOOP ( 'NONE', ( #2412, #2607, #727 ) ) ;
#446 = LINE ( 'NONE', #1175, #1369 ) ;
#447 = AXIS2_PLACEMENT_3D ( 'NONE', #1693, #1721, #2712 ) ;
#448 = FACE_BOUND ( 'NONE', #1174, .T. ) ;
#449 = DIRECTION ( 'NONE',  ( -1.000000000000000000, 0.000000000000000000, 0.000000000000000000 ) ) ;
#450 = CARTESIAN_POINT ( 'NONE',  ( 171.9060426512069171, 99.24999999999258193, 36.50000000000000000 ) ) ;
#451 = CARTESIAN_POINT ( 'NONE',  ( 198.4999999999915872, -8.450409363421256829E-12, 0.000000000000000000 ) ) ;
#452 = DIRECTION ( 'NONE',  ( -0.000000000000000000, -0.000000000000000000, -1.000000000000000000 ) ) ;
#453 = DIRECTION ( 'NONE',  ( -1.000000000000000000, 0.000000000000000000, 0.000000000000000000 ) ) ;
#454 = EDGE_CURVE ( 'NONE', #2570, #2879, #2388, .T. ) ;
#455 = APPROVAL_DATE_TIME ( #1456, #198 ) ;
#456 = ORIENTED_EDGE ( 'NONE', *, *, #2323, .F. ) ;
#457 = EDGE_CURVE ( 'NONE', #1827, #2246, #1996, .T. ) ;
#458 = CARTESIAN_POINT ( 'NONE',  ( 199.3729678892491393, 0.6716489515363728291, 40.20028226537210969 ) ) ;
#459 = VECTOR ( 'NONE', #85, 1000.000000000000000 ) ;
#460 = LINE ( 'NONE', #286, #1568 ) ;
#461 = ORIENTED_EDGE ( 'NONE', *, *, #649, .T. ) ;
#462 = CIRCLE ( 'NONE', #1302, 7.249999999999978684 ) ;
#463 = LINE ( 'NONE', #720, #280 ) ;
#464 = VECTOR ( 'NONE', #722, 1000.000000000000000 ) ;
#465 = EDGE_CURVE ( 'NONE', #512, #815, #2545, .T. ) ;
#466 = CARTESIAN_POINT ( 'NONE',  ( -138.5640646055448997, -79.99999999997994848, 64.25000000000000000 ) ) ;
#467 = CONICAL_SURFACE ( 'NONE', #966, 7.250000000000006217, 1.029744258676655866 ) ;
#468 = CARTESIAN_POINT ( 'NONE',  ( 169.1489316994268961, 105.9552844234584796, 36.50000000000000000 ) ) ;
#469 = DIRECTION ( 'NONE',  ( -0.8571673007021113344, 0.000000000000000000, -0.5150380749100558209 ) ) ;
#470 = CONICAL_SURFACE ( 'NONE', #2746, 7.249999999999978684, 1.029744258676653423 ) ;
#471 = EDGE_LOOP ( 'NONE', ( #734, #1388, #244, #3070 ) ) ;
#472 = CARTESIAN_POINT ( 'NONE',  ( 199.5214370099863288, -4.832602510548012376, 37.89307939112472923 ) ) ;
#473 = DIRECTION ( 'NONE',  ( -1.000000000000000000, 0.000000000000000000, 0.000000000000000000 ) ) ;
#474 = CARTESIAN_POINT ( 'NONE',  ( 0.000000000000000000, 0.000000000000000000, 0.000000000000000000 ) ) ;
#475 = VERTEX_POINT ( 'NONE', #2687 ) ;
#476 = CARTESIAN_POINT ( 'NONE',  ( 199.2994146956721124, 3.096399725510848633, 38.93659785746145729 ) ) ;
#477 = ADVANCED_FACE ( 'NONE', ( #2442 ), #2705, .F. ) ;
#478 = CARTESIAN_POINT ( 'NONE',  ( 205.7499999999915872, -8.449521494491875978E-12, 36.50000000000000000 ) ) ;
#479 = ORIENTED_EDGE ( 'NONE', *, *, #594, .T. ) ;
#480 = CARTESIAN_POINT ( 'NONE',  ( 171.9060426511984190, -99.25000000000737543, 36.50000000000000000 ) ) ;
#481 = DIRECTION ( 'NONE',  ( 0.000000000000000000, -0.000000000000000000, -1.000000000000000000 ) ) ;
#482 = CARTESIAN_POINT ( 'NONE',  ( 171.9060426512069171, 99.24999999999258193, 26.12500000000000355 ) ) ;
#483 = FACE_OUTER_BOUND ( 'NONE', #1813, .T. ) ;
#484 = ORIENTED_EDGE ( 'NONE', *, *, #204, .F. ) ;
#485 = CARTESIAN_POINT ( 'NONE',  ( 159.9999999999768932, -2.315316122330659707E-11, 100.7500000000000000 ) ) ;
#486 = ORIENTED_EDGE ( 'NONE', *, *, #422, .F. ) ;
#487 = DIRECTION ( 'NONE',  ( -0.000000000000000000, -0.000000000000000000, -1.000000000000000000 ) ) ;
#488 = CONICAL_SURFACE ( 'NONE', #2396, 7.249999999999984013, 1.029744258676653201 ) ;
#489 = AXIS2_PLACEMENT_3D ( 'NONE', #2617, #1344, #353 ) ;
#490 = APPROVAL_STATUS ( 'not_yet_approved' ) ;
#491 = ORIENTED_EDGE ( 'NONE', *, *, #1662, .T. ) ;
#492 = CARTESIAN_POINT ( 'NONE',  ( 79.99999999995681321, -138.5640646055217928, 100.7500000000000000 ) ) ;
#493 = CARTESIAN_POINT ( 'NONE',  ( -7.249999999999984013, 198.5000000000000000, 36.50000000000000000 ) ) ;
#494 = VERTEX_POINT ( 'NONE', #3235 ) ;
#495 = DIRECTION ( 'NONE',  ( -1.000000000000000000, 0.000000000000000000, 0.000000000000000000 ) ) ;
#496 = ORIENTED_EDGE ( 'NONE', *, *, #2001, .F. ) ;
#497 = DIRECTION ( 'NONE',  ( -0.000000000000000000, -0.000000000000000000, -1.000000000000000000 ) ) ;
#498 = CARTESIAN_POINT ( 'NONE',  ( -95.95754233490913521, -168.0141525550303641, 37.79586946913296686 ) ) ;
#499 = VERTEX_POINT ( 'NONE', #2169 ) ;
#500 = DIRECTION ( 'NONE',  ( -1.000000000000000000, 0.000000000000000000, 0.000000000000000000 ) ) ;
#501 = DIRECTION ( 'NONE',  ( -1.000000000000000000, 0.000000000000000000, 0.000000000000000000 ) ) ;
#502 = DIRECTION ( 'NONE',  ( 1.000000000000000000, 0.000000000000000000, 0.000000000000000000 ) ) ;
#503 = ORIENTED_EDGE ( 'NONE', *, *, #1790, .F. ) ;
#504 = LINE ( 'NONE', #14, #2005 ) ;
#505 = ORIENTED_EDGE ( 'NONE', *, *, #513, .F. ) ;
#506 = CARTESIAN_POINT ( 'NONE',  ( 6.682744502096623488E-14, -205.7500000000000000, 0.000000000000000000 ) ) ;
#507 = EDGE_LOOP ( 'NONE', ( #86, #1257, #1844, #731 ) ) ;
#508 = LOCAL_TIME ( 1, 54, 3.000000000000000000, #1222 ) ;
#509 = DIRECTION ( 'NONE',  ( 1.000000000000000000, 0.000000000000000000, 0.000000000000000000 ) ) ;
#510 = DIRECTION ( 'NONE',  ( -0.000000000000000000, -0.000000000000000000, -1.000000000000000000 ) ) ;
#511 = AXIS2_PLACEMENT_3D ( 'NONE', #1645, #1427, #429 ) ;
#512 = VERTEX_POINT ( 'NONE', #1651 ) ;
#513 = EDGE_CURVE ( 'NONE', #1554, #3050, #1368, .T. ) ;
#514 = VECTOR ( 'NONE', #2006, 1000.000000000000000 ) ;
#515 = DIRECTION ( 'NONE',  ( -1.000000000000000000, 0.000000000000000000, 0.000000000000000000 ) ) ;
#516 = CARTESIAN_POINT ( 'NONE',  ( -1.972217084022293454, -199.3425943053259459, 39.57038901052895596 ) ) ;
#517 = EDGE_CURVE ( 'NONE', #680, #2393, #114, .T. ) ;
#518 = CC_DESIGN_SECURITY_CLASSIFICATION ( #1081, ( #3121 ) ) ;
#519 = EDGE_CURVE ( 'NONE', #37, #3274, #1639, .T. ) ;
#520 = ORIENTED_EDGE ( 'NONE', *, *, #1624, .T. ) ;
#521 = LINE ( 'NONE', #1764, #514 ) ;
#522 = EDGE_LOOP ( 'NONE', ( #2576, #2666, #21, #3268 ) ) ;
#523 = DIRECTION ( 'NONE',  ( -0.000000000000000000, -0.000000000000000000, -1.000000000000000000 ) ) ;
#524 = DIRECTION ( 'NONE',  ( -0.000000000000000000, -0.000000000000000000, -1.000000000000000000 ) ) ;
#525 = CARTESIAN_POINT ( 'NONE',  ( -93.37225651691817063, -168.8759144943606429, 36.89765992190122290 ) ) ;
#526 = VECTOR ( 'NONE', #2338, 1000.000000000000000 ) ;
#527 = ORIENTED_EDGE ( 'NONE', *, *, #2718, .T. ) ;
#528 = ORIENTED_EDGE ( 'NONE', *, *, #1371, .T. ) ;
#529 = DIRECTION ( 'NONE',  ( -0.000000000000000000, -0.000000000000000000, -1.000000000000000000 ) ) ;
#530 = DIRECTION ( 'NONE',  ( -1.000000000000000000, 0.000000000000000000, 0.000000000000000000 ) ) ;
#531 = ADVANCED_FACE ( 'NONE', ( #2996 ), #2230, .F. ) ;
#532 = AXIS2_PLACEMENT_3D ( 'NONE', #1416, #2408, #1399 ) ;
#533 = ORIENTED_EDGE ( 'NONE', *, *, #2643, .F. ) ;
#534 = DIRECTION ( 'NONE',  ( -0.000000000000000000, -0.000000000000000000, -1.000000000000000000 ) ) ;
#535 = EDGE_CURVE ( 'NONE', #37, #2824, #1436, .T. ) ;
#536 = DIRECTION ( 'NONE',  ( -0.000000000000000000, -0.000000000000000000, -1.000000000000000000 ) ) ;
#537 = EDGE_LOOP ( 'NONE', ( #993, #2816 ) ) ;
#538 = CYLINDRICAL_SURFACE ( 'NONE', #3271, 7.250000000000006217 ) ;
#539 = LINE ( 'NONE', #1035, #1960 ) ;
#540 = CARTESIAN_POINT ( 'NONE',  ( 175.0869161674769714, 98.44863000108264828, 39.73853444929279988 ) ) ;
#541 = ORIENTED_EDGE ( 'NONE', *, *, #166, .T. ) ;
#542 = ORIENTED_EDGE ( 'NONE', *, *, #2718, .F. ) ;
#543 = DIRECTION ( 'NONE',  ( -0.000000000000000000, -0.000000000000000000, -1.000000000000000000 ) ) ;
#544 = CYLINDRICAL_SURFACE ( 'NONE', #75, 7.249999999999992895 ) ;
#545 = CONICAL_SURFACE ( 'NONE', #705, 7.249999999999978684, 1.029744258676653423 ) ;
#546 = ORIENTED_EDGE ( 'NONE', *, *, #371, .F. ) ;
#547 = EDGE_LOOP ( 'NONE', ( #2639, #2097 ) ) ;
#548 = ADVANCED_FACE ( 'NONE', ( #2203, #1686 ), #1178, .T. ) ;
#549 = DIRECTION ( 'NONE',  ( -1.000000000000000000, 0.000000000000000000, 0.000000000000000000 ) ) ;
#550 = CC_DESIGN_DATE_AND_TIME_ASSIGNMENT ( #2228, #1444, ( #1081 ) ) ;
#551 = VERTEX_POINT ( 'NONE', #922 ) ;
#552 = DIRECTION ( 'NONE',  ( -1.000000000000000000, 0.000000000000000000, 0.000000000000000000 ) ) ;
#553 = ORIENTED_EDGE ( 'NONE', *, *, #2896, .F. ) ;
#554 = ADVANCED_FACE ( 'NONE', ( #652 ), #1198, .F. ) ;
#555 = DIRECTION ( 'NONE',  ( -1.000000000000000000, 0.000000000000000000, 0.000000000000000000 ) ) ;
#556 = CONICAL_SURFACE ( 'NONE', #412, 7.249999999999992895, 1.029744258676654090 ) ;
#557 = EDGE_CURVE ( 'NONE', #275, #1975, #2813, .T. ) ;
#558 = EDGE_CURVE ( 'NONE', #1817, #551, #2650, .T. ) ;
#559 = DIRECTION ( 'NONE',  ( 0.8571673007021128887, 1.049727191138619312E-16, -0.5150380749100530453 ) ) ;
#560 = VECTOR ( 'NONE', #861, 1000.000000000000000 ) ;
#561 = DIRECTION ( 'NONE',  ( -0.000000000000000000, -0.000000000000000000, -1.000000000000000000 ) ) ;
#562 = VERTEX_POINT ( 'NONE', #906 ) ;
#563 = ADVANCED_FACE ( 'NONE', ( #189 ), #1956, .F. ) ;
#564 = CARTESIAN_POINT ( 'NONE',  ( 0.000000000000000000, 160.0000000000000000, 100.7500000000000000 ) ) ;
#565 = CARTESIAN_POINT ( 'NONE',  ( -1.404805913292301867, -199.5317313622359165, 39.81455329138647414 ) ) ;
#566 = AXIS2_PLACEMENT_3D ( 'NONE', #1682, #1392, #2465 ) ;
#567 = AXIS2_PLACEMENT_3D ( 'NONE', #1480, #748, #702 ) ;
#568 = ORIENTED_EDGE ( 'NONE', *, *, #196, .T. ) ;
#569 = DIRECTION ( 'NONE',  ( -1.000000000000000000, 0.000000000000000000, 0.000000000000000000 ) ) ;
#570 = CYLINDRICAL_SURFACE ( 'NONE', #147, 7.249999999999992895 ) ;
#571 = ORIENTED_EDGE ( 'NONE', *, *, #2914, .T. ) ;
#572 = ORIENTED_EDGE ( 'NONE', *, *, #855, .F. ) ;
#573 = FACE_OUTER_BOUND ( 'NONE', #1544, .T. ) ;
#574 = EDGE_CURVE ( 'NONE', #2397, #2517, #2065, .T. ) ;
#575 = CARTESIAN_POINT ( 'NONE',  ( 99.24999999999894840, 171.9060426512068318, 40.85623948794980720 ) ) ;
#576 = CARTESIAN_POINT ( 'NONE',  ( 6.735557395310444508E-14, -200.0000000000000568, 26.12500000000000355 ) ) ;
#577 = ADVANCED_FACE ( 'NONE', ( #2739 ), #2154, .F. ) ;
#578 = CARTESIAN_POINT ( 'NONE',  ( 7.249999999999985789, 198.5000000000000000, 0.000000000000000000 ) ) ;
#579 = CARTESIAN_POINT ( 'NONE',  ( -106.5000000000157598, -171.9060426512068318, -6.674325055353047628E-16 ) ) ;
#580 = AXIS2_PLACEMENT_3D ( 'NONE', #1834, #2854, #1324 ) ;
#581 = VERTEX_POINT ( 'NONE', #2667 ) ;
#582 = ORIENTED_EDGE ( 'NONE', *, *, #1811, .F. ) ;
#583 = CARTESIAN_POINT ( 'NONE',  ( -99.25000000000019895, 171.9060426512109530, 0.000000000000000000 ) ) ;
#584 = AXIS2_PLACEMENT_3D ( 'NONE', #2993, #2081, #569 ) ;
#585 = CARTESIAN_POINT ( 'NONE',  ( 106.4999999999842402, -171.9060426512153299, 0.000000000000000000 ) ) ;
#586 = VERTEX_POINT ( 'NONE', #1228 ) ;
#587 = CARTESIAN_POINT ( 'NONE',  ( -7.194164143926074395, -197.6019452853580276, 0.000000000000000000 ) ) ;
#588 = AXIS2_PLACEMENT_3D ( 'NONE', #850, #1328, #1570 ) ;
#589 = CARTESIAN_POINT ( 'NONE',  ( -179.1560426512152731, 99.25000000000731859, -6.674325055353047628E-16 ) ) ;
#590 = ADVANCED_FACE ( 'NONE', ( #1215 ), #753, .F. ) ;
#591 = DIRECTION ( 'NONE',  ( -1.000000000000000000, 0.000000000000000000, 0.000000000000000000 ) ) ;
#592 = ORIENTED_EDGE ( 'NONE', *, *, #2874, .T. ) ;
#593 = CARTESIAN_POINT ( 'NONE',  ( 191.2499999999916156, -8.450409363421256829E-12, 36.50000000000000000 ) ) ;
#594 = EDGE_CURVE ( 'NONE', #277, #1029, #3027, .T. ) ;
#595 = CARTESIAN_POINT ( 'NONE',  ( 7.249999999953728569, -160.0000000000000000, 100.7500000000000000 ) ) ;
#596 = CARTESIAN_POINT ( 'NONE',  ( 0.000000000000000000, 198.5000000000000000, -6.674325055353047628E-16 ) ) ;
#597 = AXIS2_PLACEMENT_3D ( 'NONE', #1494, #1168, #1676 ) ;
#598 = EDGE_LOOP ( 'NONE', ( #1001, #212, #2377 ) ) ;
#599 = LINE ( 'NONE', #1367, #8 ) ;
#600 = CIRCLE ( 'NONE', #2563, 7.249999999999978684 ) ;
#601 = DIRECTION ( 'NONE',  ( -1.000000000000000000, 0.000000000000000000, 0.000000000000000000 ) ) ;
#602 = VERTEX_POINT ( 'NONE', #953 ) ;
#603 = EDGE_CURVE ( 'NONE', #551, #1817, #330, .T. ) ;
#604 = CARTESIAN_POINT ( 'NONE',  ( -99.25000000000019895, 171.9060426512109530, -6.674325055353047628E-16 ) ) ;
#605 = CARTESIAN_POINT ( 'NONE',  ( -167.2500000000231353, 2.313356687452024187E-11, 64.25000000000000000 ) ) ;
#606 = DIRECTION ( 'NONE',  ( 1.000000000000000000, 0.000000000000000000, -0.000000000000000000 ) ) ;
#607 = DIRECTION ( 'NONE',  ( -0.000000000000000000, -0.000000000000000000, -1.000000000000000000 ) ) ;
#608 = FACE_OUTER_BOUND ( 'NONE', #2265, .T. ) ;
#609 = AXIS2_PLACEMENT_3D ( 'NONE', #706, #2956, #1467 ) ;
#610 = EDGE_CURVE ( 'NONE', #562, #998, #2384, .T. ) ;
#611 = AXIS2_PLACEMENT_3D ( 'NONE', #1415, #2439, #2737 ) ;
#612 = DIRECTION ( 'NONE',  ( -1.000000000000000000, 0.000000000000000000, 0.000000000000000000 ) ) ;
#613 = EDGE_CURVE ( 'NONE', #3032, #1374, #2537, .T. ) ;
#614 = DIRECTION ( 'NONE',  ( -0.000000000000000000, -0.000000000000000000, -1.000000000000000000 ) ) ;
#615 = ORIENTED_EDGE ( 'NONE', *, *, #1528, .T. ) ;
#616 = ADVANCED_FACE ( 'NONE', ( #3072 ), #1850, .F. ) ;
#617 = CARTESIAN_POINT ( 'NONE',  ( 0.000000000000000000, 0.000000000000000000, 152.2500000000000000 ) ) ;
#618 = EDGE_LOOP ( 'NONE', ( #1405, #50, #414, #719 ) ) ;
#619 = CARTESIAN_POINT ( 'NONE',  ( 91.99999999999899103, 171.9060426512068318, 36.50000000000000000 ) ) ;
#620 = ORIENTED_EDGE ( 'NONE', *, *, #1110, .T. ) ;
#621 = DIRECTION ( 'NONE',  ( -0.000000000000000000, -0.000000000000000000, -1.000000000000000000 ) ) ;
#622 = DIRECTION ( 'NONE',  ( -1.000000000000000000, 0.000000000000000000, 0.000000000000000000 ) ) ;
#623 = DIRECTION ( 'NONE',  ( -0.000000000000000000, -0.000000000000000000, -1.000000000000000000 ) ) ;
#624 = LINE ( 'NONE', #3171, #3079 ) ;
#625 = ORIENTED_EDGE ( 'NONE', *, *, #1806, .F. ) ;
#626 = LINE ( 'NONE', #395, #1967 ) ;
#627 = EDGE_CURVE ( 'NONE', #2075, #2341, #274, .T. ) ;
#628 = FACE_OUTER_BOUND ( 'NONE', #2827, .T. ) ;
#629 = ORIENTED_EDGE ( 'NONE', *, *, #2622, .T. ) ;
#630 = DIRECTION ( 'NONE',  ( -1.000000000000000000, 0.000000000000000000, 0.000000000000000000 ) ) ;
#631 = ORIENTED_EDGE ( 'NONE', *, *, #1149, .T. ) ;
#632 = CARTESIAN_POINT ( 'NONE',  ( -72.75000000004321521, -138.5640646054986007, 100.7500000000000000 ) ) ;
#633 = CARTESIAN_POINT ( 'NONE',  ( 0.000000000000000000, 0.000000000000000000, 152.2500000000000000 ) ) ;
#634 = CIRCLE ( 'NONE', #1491, 7.249999999999988454 ) ;
#635 = DIRECTION ( 'NONE',  ( -1.000000000000000000, 0.000000000000000000, 0.000000000000000000 ) ) ;
#636 = CARTESIAN_POINT ( 'NONE',  ( 0.000000000000000000, 0.000000000000000000, 64.25000000000000000 ) ) ;
#637 = CARTESIAN_POINT ( 'NONE',  ( 171.9060426512069171, 99.24999999999258193, 0.000000000000000000 ) ) ;
#638 = FACE_OUTER_BOUND ( 'NONE', #833, .T. ) ;
#639 = ORIENTED_EDGE ( 'NONE', *, *, #3075, .F. ) ;
#640 = CARTESIAN_POINT ( 'NONE',  ( -7.250000000016837198, -198.5000000000000000, 26.12499999999997513 ) ) ;
#641 = VECTOR ( 'NONE', #783, 1000.000000000000000 ) ;
#642 = EDGE_CURVE ( 'NONE', #602, #914, #430, .T. ) ;
#643 = DIRECTION ( 'NONE',  ( -1.000000000000000000, 0.000000000000000000, 0.000000000000000000 ) ) ;
#644 = ORIENTED_EDGE ( 'NONE', *, *, #306, .T. ) ;
#645 = ORIENTED_EDGE ( 'NONE', *, *, #1833, .T. ) ;
#646 = FACE_OUTER_BOUND ( 'NONE', #375, .T. ) ;
#647 = VERTEX_POINT ( 'NONE', #2039 ) ;
#648 = LINE ( 'NONE', #133, #2927 ) ;
#649 = EDGE_CURVE ( 'NONE', #309, #1361, #374, .T. ) ;
#650 = CYLINDRICAL_SURFACE ( 'NONE', #36, 7.249999999999992895 ) ;
#651 = ADVANCED_FACE ( 'NONE', ( #724 ), #3054, .F. ) ;
#652 = FACE_OUTER_BOUND ( 'NONE', #973, .T. ) ;
#653 = CARTESIAN_POINT ( 'NONE',  ( -80.00000000004321521, -138.5640646054986007, 105.1062394879498072 ) ) ;
#654 = LINE ( 'NONE', #2191, #2532 ) ;
#655 = LINE ( 'NONE', #2727, #1543 ) ;
#656 = CARTESIAN_POINT ( 'NONE',  ( 171.9060426512069171, 99.24999999999258193, 36.50000000000000000 ) ) ;
#657 = AXIS2_PLACEMENT_3D ( 'NONE', #1360, #1108, #2134 ) ;
#658 = AXIS2_PLACEMENT_3D ( 'NONE', #3196, #898, #1658 ) ;
#659 = VECTOR ( 'NONE', #1227, 1000.000000000000000 ) ;
#660 = CARTESIAN_POINT ( 'NONE',  ( 145.0000000000000000, 0.000000000000000000, 64.25000000000000000 ) ) ;
#661 = EDGE_LOOP ( 'NONE', ( #3045, #772 ) ) ;
#662 = DIRECTION ( 'NONE',  ( -0.000000000000000000, -0.000000000000000000, -1.000000000000000000 ) ) ;
#663 = AXIS2_PLACEMENT_3D ( 'NONE', #701, #3282, #1479 ) ;
#664 = VECTOR ( 'NONE', #1864, 1000.000000000000000 ) ;
#665 = VERTEX_POINT ( 'NONE', #3010 ) ;
#666 = LINE ( 'NONE', #1930, #1039 ) ;
#667 = DIRECTION ( 'NONE',  ( -0.8571673007021128887, 0.000000000000000000, -0.5150380749100530453 ) ) ;
#668 = EDGE_CURVE ( 'NONE', #756, #780, #1275, .T. ) ;
#669 = AXIS2_PLACEMENT_3D ( 'NONE', #474, #1495, #502 ) ;
#670 = APPROVAL ( #1964, 'UNSPECIFIED' ) ;
#671 = EDGE_LOOP ( 'NONE', ( #2308, #2597, #615, #2535, #858 ) ) ;
#672 = ORIENTED_EDGE ( 'NONE', *, *, #2562, .T. ) ;
#673 = DIRECTION ( 'NONE',  ( -1.000000000000000000, 0.000000000000000000, 0.000000000000000000 ) ) ;
#674 = CARTESIAN_POINT ( 'NONE',  ( 6.735557395310444508E-14, -200.0000000000000568, 26.12500000000000355 ) ) ;
#675 = DIRECTION ( 'NONE',  ( -1.000000000000000000, 0.000000000000000000, 0.000000000000000000 ) ) ;
#676 = CARTESIAN_POINT ( 'NONE',  ( 199.4608993148531226, -2.482626113537559132, 39.26394398091832727 ) ) ;
#677 = ORIENTED_EDGE ( 'NONE', *, *, #1549, .T. ) ;
#678 = DIRECTION ( 'NONE',  ( -0.000000000000000000, -0.000000000000000000, -1.000000000000000000 ) ) ;
#679 = CARTESIAN_POINT ( 'NONE',  ( 199.4600878935057153, -2.131705121717251572, 26.12500000000003908 ) ) ;
#680 = VERTEX_POINT ( 'NONE', #1503 ) ;
#681 = DIRECTION ( 'NONE',  ( -0.000000000000000000, -0.000000000000000000, -1.000000000000000000 ) ) ;
#682 = ORIENTED_EDGE ( 'NONE', *, *, #2620, .T. ) ;
#683 = DIRECTION ( 'NONE',  ( -0.000000000000000000, -0.000000000000000000, -1.000000000000000000 ) ) ;
#684 = CARTESIAN_POINT ( 'NONE',  ( -145.8140646055217644, 80.00000000002003731, 100.7500000000000000 ) ) ;
#685 = AXIS2_PLACEMENT_3D ( 'NONE', #2959, #207, #2219 ) ;
#686 = AXIS2_PLACEMENT_3D ( 'NONE', #1809, #1210, #1268 ) ;
#687 = ORIENTED_EDGE ( 'NONE', *, *, #1084, .F. ) ;
#688 = ORIENTED_EDGE ( 'NONE', *, *, #3279, .T. ) ;
#689 = EDGE_CURVE ( 'NONE', #817, #2589, #2305, .T. ) ;
#690 = CIRCLE ( 'NONE', #2291, 7.249999999999992895 ) ;
#691 = DIRECTION ( 'NONE',  ( -0.000000000000000000, -0.000000000000000000, -1.000000000000000000 ) ) ;
#692 = DIRECTION ( 'NONE',  ( 0.8571673007021116675, 1.049727191138617833E-16, -0.5150380749100552658 ) ) ;
#693 = CC_DESIGN_PERSON_AND_ORGANIZATION_ASSIGNMENT ( #9, #997, ( #3121 ) ) ;
#694 = VECTOR ( 'NONE', #469, 1000.000000000000000 ) ;
#695 = CARTESIAN_POINT ( 'NONE',  ( 99.24999999998425437, -171.9060426512153299, -6.674325055353047628E-16 ) ) ;
#696 = EDGE_CURVE ( 'NONE', #1409, #1637, #33, .T. ) ;
#697 = CARTESIAN_POINT ( 'NONE',  ( 87.24999999995681321, -138.5640646055217928, 100.7500000000000000 ) ) ;
#698 = CARTESIAN_POINT ( 'NONE',  ( 72.74999999995682742, -138.5640646055217928, 100.7500000000000000 ) ) ;
#699 = CIRCLE ( 'NONE', #441, 7.249999999999995559 ) ;
#700 = ORIENTED_EDGE ( 'NONE', *, *, #1273, .F. ) ;
#701 = CARTESIAN_POINT ( 'NONE',  ( 79.99999999995681321, -138.5640646055217928, 64.25000000000000000 ) ) ;
#702 = DIRECTION ( 'NONE',  ( -1.000000000000000000, 0.000000000000000000, 0.000000000000000000 ) ) ;
#703 = VERTEX_POINT ( 'NONE', #737 ) ;
#704 = CARTESIAN_POINT ( 'NONE',  ( 152.7499999999768647, -2.315316122330659707E-11, 100.7500000000000000 ) ) ;
#705 = AXIS2_PLACEMENT_3D ( 'NONE', #656, #1202, #926 ) ;
#706 = CARTESIAN_POINT ( 'NONE',  ( 99.24999999998425437, -171.9060426512153299, 36.50000000000000000 ) ) ;
#707 = CARTESIAN_POINT ( 'NONE',  ( 138.5640646054986860, 79.99999999997986322, 64.25000000000000000 ) ) ;
#708 = CARTESIAN_POINT ( 'NONE',  ( -198.5000000000084128, 8.426100124458180830E-12, 0.000000000000000000 ) ) ;
#709 = DIRECTION ( 'NONE',  ( -1.000000000000000000, 0.000000000000000000, 0.000000000000000000 ) ) ;
#710 = DIRECTION ( 'NONE',  ( -0.000000000000000000, -0.000000000000000000, -1.000000000000000000 ) ) ;
#711 = FACE_OUTER_BOUND ( 'NONE', #522, .T. ) ;
#712 = EDGE_CURVE ( 'NONE', #2711, #969, #2280, .T. ) ;
#713 = PERSON_AND_ORGANIZATION_ROLE ( 'creator' ) ;
#714 = CIRCLE ( 'NONE', #1775, 7.250000000000006217 ) ;
#715 = VERTEX_POINT ( 'NONE', #241 ) ;
#716 = CARTESIAN_POINT ( 'NONE',  ( 199.1593598043430404, 7.219954615389441166, 36.50000000000000000 ) ) ;
#717 = CONICAL_SURFACE ( 'NONE', #1886, 7.250000000000006217, 1.029744258676655866 ) ;
#718 = LINE ( 'NONE', #1748, #1296 ) ;
#719 = ORIENTED_EDGE ( 'NONE', *, *, #558, .T. ) ;
#720 = CARTESIAN_POINT ( 'NONE',  ( 7.249999999983133492, -198.5000000000000000, 0.000000000000000000 ) ) ;
#721 = CIRCLE ( 'NONE', #2792, 7.249999999999992895 ) ;
#722 = DIRECTION ( 'NONE',  ( -0.000000000000000000, -0.000000000000000000, -1.000000000000000000 ) ) ;
#723 = VECTOR ( 'NONE', #393, 1000.000000000000000 ) ;
#724 = FACE_OUTER_BOUND ( 'NONE', #932, .T. ) ;
#725 = LINE ( 'NONE', #53, #2202 ) ;
#726 = AXIS2_PLACEMENT_3D ( 'NONE', #2610, #1321, #81 ) ;
#727 = ORIENTED_EDGE ( 'NONE', *, *, #1028, .T. ) ;
#728 = CARTESIAN_POINT ( 'NONE',  ( -92.00000000001578826, -171.9060426512068318, 0.000000000000000000 ) ) ;
#729 = DIRECTION ( 'NONE',  ( -0.000000000000000000, -0.000000000000000000, -1.000000000000000000 ) ) ;
#730 = COORDINATED_UNIVERSAL_TIME_OFFSET ( 2, 0, .AHEAD. ) ;
#731 = ORIENTED_EDGE ( 'NONE', *, *, #1271, .F. ) ;
#732 = CARTESIAN_POINT ( 'NONE',  ( 106.4999999999842260, -171.9060426512153299, 36.50000000000000000 ) ) ;
#733 = FACE_OUTER_BOUND ( 'NONE', #73, .T. ) ;
#734 = ORIENTED_EDGE ( 'NONE', *, *, #2306, .F. ) ;
#735 = AXIS2_PLACEMENT_3D ( 'NONE', #322, #304, #1292 ) ;
#736 = DIRECTION ( 'NONE',  ( -0.000000000000000000, -0.000000000000000000, -1.000000000000000000 ) ) ;
#737 = CARTESIAN_POINT ( 'NONE',  ( -4.627714064162329988E-11, -160.0000000000000000, 105.1062394879498072 ) ) ;
#738 = DIRECTION ( 'NONE',  ( -1.000000000000000000, 0.000000000000000000, 0.000000000000000000 ) ) ;
#739 = VECTOR ( 'NONE', #3006, 1000.000000000000114 ) ;
#740 = CIRCLE ( 'NONE', #1042, 7.249999999999988454 ) ;
#741 = VERTEX_POINT ( 'NONE', #2252 ) ;
#742 = CARTESIAN_POINT ( 'NONE',  ( 0.000000000000000000, 198.5000000000000000, -6.674325055353047628E-16 ) ) ;
#743 = CARTESIAN_POINT ( 'NONE',  ( -160.0000000000231353, 2.313356687452024187E-11, 64.25000000000000000 ) ) ;
#744 = AXIS2_PLACEMENT_3D ( 'NONE', #1114, #2825, #2309 ) ;
#745 = AXIS2_PLACEMENT_3D ( 'NONE', #1030, #534, #61 ) ;
#746 = APPROVAL_STATUS ( 'not_yet_approved' ) ;
#747 = VERTEX_POINT ( 'NONE', #1784 ) ;
#748 = DIRECTION ( 'NONE',  ( -0.000000000000000000, -0.000000000000000000, -1.000000000000000000 ) ) ;
#749 = ORIENTED_EDGE ( 'NONE', *, *, #2284, .T. ) ;
#750 = CARTESIAN_POINT ( 'NONE',  ( 7.249999999953730345, -160.0000000000000000, 64.25000000000000000 ) ) ;
#751 = EDGE_CURVE ( 'NONE', #914, #602, #1531, .T. ) ;
#752 = VECTOR ( 'NONE', #2225, 1000.000000000000000 ) ;
#753 = CYLINDRICAL_SURFACE ( 'NONE', #2016, 7.249999999999997335 ) ;
#754 = CARTESIAN_POINT ( 'NONE',  ( -138.5640646055448997, -79.99999999997994848, 100.7500000000000000 ) ) ;
#755 = ADVANCED_FACE ( 'NONE', ( #2773 ), #2518, .F. ) ;
#756 = VERTEX_POINT ( 'NONE', #860 ) ;
#757 = DIRECTION ( 'NONE',  ( -1.000000000000000000, 0.000000000000000000, 0.000000000000000000 ) ) ;
#758 = DIRECTION ( 'NONE',  ( 1.000000000000000000, 0.000000000000000000, 0.000000000000000000 ) ) ;
#759 = EDGE_LOOP ( 'NONE', ( #456, #3162, #1313, #1008 ) ) ;
#760 = VECTOR ( 'NONE', #1571, 1000.000000000000114 ) ;
#761 = CARTESIAN_POINT ( 'NONE',  ( 106.4999999999842260, -171.9060426512153299, 36.50000000000000000 ) ) ;
#762 = ORIENTED_EDGE ( 'NONE', *, *, #2914, .F. ) ;
#763 = CARTESIAN_POINT ( 'NONE',  ( 99.24999999999896261, 171.9060426512068318, 36.50000000000000000 ) ) ;
#764 = VECTOR ( 'NONE', #1816, 1000.000000000000114 ) ;
#765 = VECTOR ( 'NONE', #1033, 1000.000000000000000 ) ;
#766 = DIRECTION ( 'NONE',  ( -0.000000000000000000, -0.000000000000000000, -1.000000000000000000 ) ) ;
#767 = LINE ( 'NONE', #1276, #411 ) ;
#768 = ORIENTED_EDGE ( 'NONE', *, *, #848, .T. ) ;
#769 = CIRCLE ( 'NONE', #820, 7.249999999999978684 ) ;
#770 = DIRECTION ( 'NONE',  ( -0.000000000000000000, -0.000000000000000000, -1.000000000000000000 ) ) ;
#771 = DIRECTION ( 'NONE',  ( -0.000000000000000000, -0.000000000000000000, -1.000000000000000000 ) ) ;
#772 = ORIENTED_EDGE ( 'NONE', *, *, #364, .T. ) ;
#773 = CYLINDRICAL_SURFACE ( 'NONE', #2980, 7.249999999999978684 ) ;
#774 = LINE ( 'NONE', #2916, #2953 ) ;
#775 = ORIENTED_EDGE ( 'NONE', *, *, #1086, .T. ) ;
#776 = FACE_OUTER_BOUND ( 'NONE', #2482, .T. ) ;
#777 = AXIS2_PLACEMENT_3D ( 'NONE', #1, #2550, #2783 ) ;
#778 = CARTESIAN_POINT ( 'NONE',  ( -99.25000000001577405, -171.9060426512068318, 26.12499999999997513 ) ) ;
#779 = CARTESIAN_POINT ( 'NONE',  ( 177.5963523492674767, 94.75746446422168390, 39.73853444929279988 ) ) ;
#780 = VERTEX_POINT ( 'NONE', #118 ) ;
#781 = AXIS2_PLACEMENT_3D ( 'NONE', #170, #933, #1664 ) ;
#782 = CARTESIAN_POINT ( 'NONE',  ( -102.9630061171213242, -165.6789979609595775, 36.50000000000000711 ) ) ;
#783 = DIRECTION ( 'NONE',  ( 0.000000000000000000, 0.000000000000000000, 1.000000000000000000 ) ) ;
#784 = ADVANCED_FACE ( 'NONE', ( #2599 ), #878, .F. ) ;
#785 = AXIS2_PLACEMENT_3D ( 'NONE', #2356, #88, #851 ) ;
#786 = ORIENTED_EDGE ( 'NONE', *, *, #2079, .F. ) ;
#787 = ORIENTED_EDGE ( 'NONE', *, *, #2566, .F. ) ;
#788 = LINE ( 'NONE', #1714, #739 ) ;
#789 = ORIENTED_EDGE ( 'NONE', *, *, #288, .F. ) ;
#790 = EDGE_CURVE ( 'NONE', #3148, #1119, #2333, .T. ) ;
#791 = AXIS2_PLACEMENT_3D ( 'NONE', #1493, #1740, #1026 ) ;
#792 = DIRECTION ( 'NONE',  ( -0.000000000000000000, -0.000000000000000000, -1.000000000000000000 ) ) ;
#793 = ORIENTED_EDGE ( 'NONE', *, *, #1952, .T. ) ;
#794 = CARTESIAN_POINT ( 'NONE',  ( -72.75000000004321521, -138.5640646054986007, 64.25000000000000000 ) ) ;
#795 = DIRECTION ( 'NONE',  ( -9.184850993605163229E-17, -1.000000000000000000, 0.000000000000000000 ) ) ;
#796 = CARTESIAN_POINT ( 'NONE',  ( 0.000000000000000000, 198.5000000000000000, 36.50000000000000000 ) ) ;
#797 = AXIS2_PLACEMENT_3D ( 'NONE', #743, #1760, #501 ) ;
#798 = ORIENTED_EDGE ( 'NONE', *, *, #1023, .F. ) ;
#799 = ORIENTED_EDGE ( 'NONE', *, *, #986, .F. ) ;
#800 = DIRECTION ( 'NONE',  ( -0.000000000000000000, -0.000000000000000000, -1.000000000000000000 ) ) ;
#801 = CARTESIAN_POINT ( 'NONE',  ( 106.4999999999989484, 171.9060426512068318, 36.50000000000000000 ) ) ;
#802 = EDGE_LOOP ( 'NONE', ( #2723, #980, #3135 ) ) ;
#803 = DIRECTION ( 'NONE',  ( -1.000000000000000000, 0.000000000000000000, 0.000000000000000000 ) ) ;
#804 = ADVANCED_FACE ( 'NONE', ( #2386 ), #2321, .F. ) ;
#805 = ORIENTED_EDGE ( 'NONE', *, *, #649, .F. ) ;
#806 = FACE_OUTER_BOUND ( 'NONE', #802, .T. ) ;
#807 = ORIENTED_EDGE ( 'NONE', *, *, #422, .T. ) ;
#808 = ORIENTED_EDGE ( 'NONE', *, *, #2301, .T. ) ;
#809 = CARTESIAN_POINT ( 'NONE',  ( -205.7500000000083844, 8.426100124458180830E-12, 36.50000000000000000 ) ) ;
#810 = CONICAL_SURFACE ( 'NONE', #199, 7.249999999999992895, 1.029744258676654090 ) ;
#811 = CARTESIAN_POINT ( 'NONE',  ( -152.7500000000231068, 2.313445474344962434E-11, 64.25000000000000000 ) ) ;
#812 = CIRCLE ( 'NONE', #657, 7.249999999999978684 ) ;
#813 = CARTESIAN_POINT ( 'NONE',  ( 199.1593598043430404, 7.219954615389441166, 26.12500000000000355 ) ) ;
#814 = AXIS2_PLACEMENT_3D ( 'NONE', #2516, #271, #289 ) ;
#815 = VERTEX_POINT ( 'NONE', #1340 ) ;
#816 = CARTESIAN_POINT ( 'NONE',  ( 171.2739348403898703, 103.3322546474860246, 38.38559990967245739 ) ) ;
#817 = VERTEX_POINT ( 'NONE', #2872 ) ;
#818 = CARTESIAN_POINT ( 'NONE',  ( -80.00000000004320100, -138.5640646054986007, 100.7500000000000000 ) ) ;
#819 = AXIS2_PLACEMENT_3D ( 'NONE', #444, #1377, #1627 ) ;
#820 = AXIS2_PLACEMENT_3D ( 'NONE', #236, #2021, #2546 ) ;
#821 = EDGE_LOOP ( 'NONE', ( #2277, #479, #1316, #200 ) ) ;
#822 = CARTESIAN_POINT ( 'NONE',  ( -138.5640646055448997, -79.99999999997994848, 64.25000000000000000 ) ) ;
#823 = AXIS2_PLACEMENT_3D ( 'NONE', #2177, #2399, #2967 ) ;
#824 = ORIENTED_EDGE ( 'NONE', *, *, #517, .F. ) ;
#825 = EDGE_CURVE ( 'NONE', #3192, #2636, #1307, .T. ) ;
#826 = CARTESIAN_POINT ( 'NONE',  ( -92.00000000000022737, 171.9060426512109530, 36.50000000000000000 ) ) ;
#827 = ORIENTED_EDGE ( 'NONE', *, *, #610, .F. ) ;
#828 = CARTESIAN_POINT ( 'NONE',  ( -152.7500000000231068, 2.313445474344962434E-11, 100.7500000000000000 ) ) ;
#829 = EDGE_CURVE ( 'NONE', #989, #1847, #1258, .T. ) ;
#830 = DIRECTION ( 'NONE',  ( -1.000000000000000000, 0.000000000000000000, 0.000000000000000000 ) ) ;
#831 = EDGE_CURVE ( 'NONE', #361, #3039, #539, .T. ) ;
#832 = DIRECTION ( 'NONE',  ( -0.000000000000000000, -0.000000000000000000, -1.000000000000000000 ) ) ;
#833 = EDGE_LOOP ( 'NONE', ( #3264, #2661, #1771, #2346 ) ) ;
#834 = DIRECTION ( 'NONE',  ( -1.000000000000000000, 0.000000000000000000, 0.000000000000000000 ) ) ;
#835 = DIRECTION ( 'NONE',  ( -0.8571673007021121116, 0.000000000000000000, -0.5150380749100544886 ) ) ;
#836 = AXIS2_PLACEMENT_3D ( 'NONE', #2887, #2587, #830 ) ;
#837 = EDGE_LOOP ( 'NONE', ( #1569, #287, #2500 ) ) ;
#838 = VERTEX_POINT ( 'NONE', #1107 ) ;
#839 = CARTESIAN_POINT ( 'NONE',  ( 99.24999999999896261, 171.9060426512068318, 0.000000000000000000 ) ) ;
#840 = ORIENTED_EDGE ( 'NONE', *, *, #1086, .F. ) ;
#841 = CIRCLE ( 'NONE', #2713, 7.249999999999978684 ) ;
#842 = CARTESIAN_POINT ( 'NONE',  ( -164.6560426512153015, 99.25000000000731859, 36.50000000000000000 ) ) ;
#843 = ORIENTED_EDGE ( 'NONE', *, *, #371, .T. ) ;
#844 = AXIS2_PLACEMENT_3D ( 'NONE', #2811, #79, #1545 ) ;
#845 = DIRECTION ( 'NONE',  ( -0.000000000000000000, -0.000000000000000000, -1.000000000000000000 ) ) ;
#846 = DIRECTION ( 'NONE',  ( -0.000000000000000000, -0.000000000000000000, -1.000000000000000000 ) ) ;
#847 = CARTESIAN_POINT ( 'NONE',  ( -106.5000000000157456, -171.9060426512068318, 26.12499999999997513 ) ) ;
#848 = EDGE_CURVE ( 'NONE', #975, #2698, #1088, .T. ) ;
#849 = EDGE_CURVE ( 'NONE', #562, #188, #1565, .T. ) ;
#850 = CARTESIAN_POINT ( 'NONE',  ( -99.25000000001577405, -171.9060426512068318, 36.50000000000000000 ) ) ;
#851 = DIRECTION ( 'NONE',  ( 0.9486832980505137680, -0.3162277660168381632, 0.000000000000000000 ) ) ;
#852 = ADVANCED_FACE ( 'NONE', ( #2370 ), #1552, .F. ) ;
#853 = DIRECTION ( 'NONE',  ( -0.000000000000000000, -0.000000000000000000, -1.000000000000000000 ) ) ;
#854 = DIRECTION ( 'NONE',  ( -0.000000000000000000, -0.000000000000000000, -1.000000000000000000 ) ) ;
#855 = EDGE_CURVE ( 'NONE', #2416, #2517, #1359, .T. ) ;
#856 = ORIENTED_EDGE ( 'NONE', *, *, #2435, .T. ) ;
#857 = DIRECTION ( 'NONE',  ( -0.8571673007021121116, 0.000000000000000000, -0.5150380749100544886 ) ) ;
#858 = ORIENTED_EDGE ( 'NONE', *, *, #2094, .T. ) ;
#859 = DIRECTION ( 'NONE',  ( -0.8571673007021113344, 0.000000000000000000, -0.5150380749100558209 ) ) ;
#860 = CARTESIAN_POINT ( 'NONE',  ( -171.9060426512152731, 99.25000000000731859, 40.85623948794980720 ) ) ;
#861 = DIRECTION ( 'NONE',  ( -0.000000000000000000, -0.000000000000000000, -1.000000000000000000 ) ) ;
#862 = CARTESIAN_POINT ( 'NONE',  ( 173.6131833623001910, 100.3083157379464865, 39.65475347813468687 ) ) ;
#863 = CARTESIAN_POINT ( 'NONE',  ( -198.5000000000084128, 8.426100124458180830E-12, 36.50000000000000000 ) ) ;
#864 = EDGE_LOOP ( 'NONE', ( #2840, #1797, #677, #1757 ) ) ;
#865 = CYLINDRICAL_SURFACE ( 'NONE', #2602, 7.250000000000006217 ) ;
#866 = EDGE_CURVE ( 'NONE', #1609, #1011, #1580, .T. ) ;
#867 = DIRECTION ( 'NONE',  ( -0.000000000000000000, -0.000000000000000000, -1.000000000000000000 ) ) ;
#868 = EDGE_LOOP ( 'NONE', ( #1266, #376, #1370, #417 ) ) ;
#869 = AXIS2_PLACEMENT_3D ( 'NONE', #2946, #1980, #2707 ) ;
#870 = DIRECTION ( 'NONE',  ( -0.000000000000000000, -0.000000000000000000, -1.000000000000000000 ) ) ;
#871 = VERTEX_POINT ( 'NONE', #575 ) ;
#872 = CARTESIAN_POINT ( 'NONE',  ( 179.1560426512069171, 99.24999999999258193, 0.000000000000000000 ) ) ;
#873 = DIRECTION ( 'NONE',  ( -1.000000000000000000, 0.000000000000000000, 0.000000000000000000 ) ) ;
#874 = EDGE_LOOP ( 'NONE', ( #1965, #239, #2415, #220 ) ) ;
#875 = CARTESIAN_POINT ( 'NONE',  ( -171.9060426512152731, 99.25000000000731859, 0.000000000000000000 ) ) ;
#876 = CARTESIAN_POINT ( 'NONE',  ( 145.0000000000000000, 0.000000000000000000, 64.25000000000000000 ) ) ;
#877 = DIRECTION ( 'NONE',  ( -0.000000000000000000, -0.000000000000000000, -1.000000000000000000 ) ) ;
#878 = CONICAL_SURFACE ( 'NONE', #735, 7.249999999999992895, 1.029744258676654090 ) ;
#879 = EDGE_LOOP ( 'NONE', ( #314, #2582, #1897 ) ) ;
#880 = VERTEX_POINT ( 'NONE', #1581 ) ;
#881 = DIRECTION ( 'NONE',  ( -0.8571673007021117785, 0.000000000000000000, -0.5150380749100550437 ) ) ;
#882 = EDGE_CURVE ( 'NONE', #2917, #2397, #1869, .T. ) ;
#883 = EDGE_CURVE ( 'NONE', #2028, #1029, #1475, .T. ) ;
#884 = CARTESIAN_POINT ( 'NONE',  ( 159.9999999999768932, -2.315316122330659707E-11, 64.25000000000000000 ) ) ;
#885 = ORIENTED_EDGE ( 'NONE', *, *, #3262, .T. ) ;
#886 = CARTESIAN_POINT ( 'NONE',  ( 199.5768906246193239, -7.169575062910615415, 126.1249999999999858 ) ) ;
#887 = EDGE_CURVE ( 'NONE', #2022, #2283, #2336, .T. ) ;
#888 = ORIENTED_EDGE ( 'NONE', *, *, #627, .T. ) ;
#889 = CARTESIAN_POINT ( 'NONE',  ( 175.0869161721015530, 98.44862999428006844, 26.12500000000000355 ) ) ;
#890 = DIRECTION ( 'NONE',  ( -0.000000000000000000, -0.000000000000000000, -1.000000000000000000 ) ) ;
#891 = VERTEX_POINT ( 'NONE', #589 ) ;
#892 = CARTESIAN_POINT ( 'NONE',  ( 0.000000000000000000, 0.000000000000000000, 64.25000000000000000 ) ) ;
#893 = DIRECTION ( 'NONE',  ( -1.000000000000000000, 0.000000000000000000, 0.000000000000000000 ) ) ;
#894 = FACE_OUTER_BOUND ( 'NONE', #1472, .T. ) ;
#895 = DIRECTION ( 'NONE',  ( -1.000000000000000000, 0.000000000000000000, 0.000000000000000000 ) ) ;
#896 = CARTESIAN_POINT ( 'NONE',  ( -3.070178936751705390, -198.9766070210827706, 38.99175334614816535 ) ) ;
#897 = AXIS2_PLACEMENT_3D ( 'NONE', #1298, #3110, #2619 ) ;
#898 = DIRECTION ( 'NONE',  ( -0.000000000000000000, -0.000000000000000000, -1.000000000000000000 ) ) ;
#899 = ORIENTED_EDGE ( 'NONE', *, *, #977, .T. ) ;
#900 = ORIENTED_EDGE ( 'NONE', *, *, #1038, .T. ) ;
#901 = DIRECTION ( 'NONE',  ( -1.000000000000000000, 0.000000000000000000, 0.000000000000000000 ) ) ;
#902 = ORIENTED_EDGE ( 'NONE', *, *, #1253, .F. ) ;
#903 = CARTESIAN_POINT ( 'NONE',  ( 191.2499999999916156, -8.450409363421256829E-12, -6.674325055353047628E-16 ) ) ;
#904 = FACE_OUTER_BOUND ( 'NONE', #3227, .T. ) ;
#905 = VERTEX_POINT ( 'NONE', #1598 ) ;
#906 = CARTESIAN_POINT ( 'NONE',  ( -87.25000000004320100, -138.5640646054986007, 100.7500000000000000 ) ) ;
#907 = CARTESIAN_POINT ( 'NONE',  ( -80.00000000000314060, 138.5640646055217076, 100.7500000000000000 ) ) ;
#908 = DIRECTION ( 'NONE',  ( 0.000000000000000000, 0.000000000000000000, 1.000000000000000000 ) ) ;
#909 = CARTESIAN_POINT ( 'NONE',  ( -171.9060426512152731, 99.25000000000731859, 36.50000000000000000 ) ) ;
#910 = CARTESIAN_POINT ( 'NONE',  ( -160.0000000000231353, 2.313356687452024187E-11, 100.7500000000000000 ) ) ;
#911 = CIRCLE ( 'NONE', #1341, 7.249999999999992895 ) ;
#912 = AXIS2_PLACEMENT_3D ( 'NONE', #3025, #3053, #1782 ) ;
#913 = CARTESIAN_POINT ( 'NONE',  ( 199.1593598043430404, 7.219954615391023012, 40.42046299695872591 ) ) ;
#914 = VERTEX_POINT ( 'NONE', #3150 ) ;
#915 = DIRECTION ( 'NONE',  ( -1.000000000000000000, 0.000000000000000000, 0.000000000000000000 ) ) ;
#916 = CONICAL_SURFACE ( 'NONE', #2100, 7.249999999999992895, 1.029744258676654090 ) ;
#917 = VERTEX_POINT ( 'NONE', #2613 ) ;
#918 = CARTESIAN_POINT ( 'NONE',  ( -1.685220024891636166E-11, -198.5000000000000000, 0.000000000000000000 ) ) ;
#919 = DIRECTION ( 'NONE',  ( -0.000000000000000000, -0.000000000000000000, -1.000000000000000000 ) ) ;
#920 = ADVANCED_FACE ( 'NONE', ( #3140 ), #3181, .F. ) ;
#921 = ORIENTED_EDGE ( 'NONE', *, *, #1267, .T. ) ;
#922 = CARTESIAN_POINT ( 'NONE',  ( 145.8140646054986860, 79.99999999997986322, 64.25000000000000000 ) ) ;
#923 = CARTESIAN_POINT ( 'NONE',  ( 0.000000000000000000, 0.000000000000000000, 152.2500000000000000 ) ) ;
#924 = CARTESIAN_POINT ( 'NONE',  ( 99.24999999998425437, -171.9060426512153299, 0.000000000000000000 ) ) ;
#925 = CARTESIAN_POINT ( 'NONE',  ( 6.735557395310444508E-14, -200.0000000000000568, 126.1249999999999858 ) ) ;
#926 = DIRECTION ( 'NONE',  ( -1.000000000000000000, 0.000000000000000000, 0.000000000000000000 ) ) ;
#927 = EDGE_CURVE ( 'NONE', #756, #3136, #2631, .T. ) ;
#928 = MECHANICAL_CONTEXT ( 'NONE', #1461, 'mechanical' ) ;
#929 = VERTEX_POINT ( 'NONE', #2149 ) ;
#930 = LINE ( 'NONE', #3198, #2684 ) ;
#931 = LINE ( 'NONE', #493, #3017 ) ;
#932 = EDGE_LOOP ( 'NONE', ( #2434, #2804, #1095, #1007 ) ) ;
#933 = DIRECTION ( 'NONE',  ( -0.000000000000000000, -0.000000000000000000, -1.000000000000000000 ) ) ;
#934 = CARTESIAN_POINT ( 'NONE',  ( -80.00000000004320100, -138.5640646054986007, 64.25000000000000000 ) ) ;
#935 = AXIS2_PLACEMENT_3D ( 'NONE', #1406, #2895, #2637 ) ;
#936 = PRODUCT ( 'Backup_House1', 'Backup_House1', '', ( #928 ) ) ;
#937 = DIRECTION ( 'NONE',  ( -0.000000000000000000, -0.000000000000000000, -1.000000000000000000 ) ) ;
#938 = EDGE_CURVE ( 'NONE', #1045, #838, #167, .T. ) ;
#939 = CARTESIAN_POINT ( 'NONE',  ( -164.6560426512153015, 99.25000000000731859, 0.000000000000000000 ) ) ;
#940 = CARTESIAN_POINT ( 'NONE',  ( 199.1593598043430404, 7.219954615389441166, 36.50000000000000000 ) ) ;
#941 = DIRECTION ( 'NONE',  ( -1.000000000000000000, 0.000000000000000000, 0.000000000000000000 ) ) ;
#942 = ADVANCED_FACE ( 'NONE', ( #1124 ), #3233, .F. ) ;
#943 = DIRECTION ( 'NONE',  ( -0.000000000000000000, -0.000000000000000000, -1.000000000000000000 ) ) ;
#944 = CONICAL_SURFACE ( 'NONE', #588, 7.249999999999978684, 1.029744258676652535 ) ;
#945 =( LENGTH_UNIT ( ) NAMED_UNIT ( * ) SI_UNIT ( .MILLI., .METRE. ) );
#946 = ORIENTED_EDGE ( 'NONE', *, *, #2812, .T. ) ;
#947 = EDGE_CURVE ( 'NONE', #3023, #2478, #1094, .T. ) ;
#948 = CARTESIAN_POINT ( 'NONE',  ( 199.2422421163762465, 4.869172598174692723, 37.90160255905379927 ) ) ;
#949 = DIRECTION ( 'NONE',  ( -1.000000000000000000, 0.000000000000000000, 0.000000000000000000 ) ) ;
#950 = EDGE_LOOP ( 'NONE', ( #2752, #3005, #108 ) ) ;
#951 = DIRECTION ( 'NONE',  ( 0.9486832980505137680, -0.3162277660168381632, 0.000000000000000000 ) ) ;
#952 = LINE ( 'NONE', #2053, #2902 ) ;
#953 = CARTESIAN_POINT ( 'NONE',  ( -211.0000000000000284, 0.000000000000000000, 0.000000000000000000 ) ) ;
#954 = CARTESIAN_POINT ( 'NONE',  ( 174.4043561132602917, 99.24999999999256772, 39.35510131461555261 ) ) ;
#955 = ORIENTED_EDGE ( 'NONE', *, *, #1087, .F. ) ;
#956 = DIRECTION ( 'NONE',  ( -0.000000000000000000, -0.000000000000000000, -1.000000000000000000 ) ) ;
#957 = DIRECTION ( 'NONE',  ( -1.000000000000000000, 0.000000000000000000, 0.000000000000000000 ) ) ;
#958 = ADVANCED_FACE ( 'NONE', ( #1414 ), #7, .F. ) ;
#959 = AXIS2_PLACEMENT_3D ( 'NONE', #796, #1068, #1089 ) ;
#960 = ORIENTED_EDGE ( 'NONE', *, *, #3075, .T. ) ;
#961 = EDGE_CURVE ( 'NONE', #494, #1863, #446, .T. ) ;
#962 = CARTESIAN_POINT ( 'NONE',  ( 199.3179489354205884, 2.504427501189496752, 39.28084186676647249 ) ) ;
#963 = CIRCLE ( 'NONE', #2099, 7.249999999999978684 ) ;
#964 = FACE_OUTER_BOUND ( 'NONE', #1205, .T. ) ;
#965 = ORIENTED_EDGE ( 'NONE', *, *, #1787, .F. ) ;
#966 = AXIS2_PLACEMENT_3D ( 'NONE', #2417, #131, #146 ) ;
#967 = DIRECTION ( 'NONE',  ( -1.000000000000000000, 0.000000000000000000, 0.000000000000000000 ) ) ;
#968 = VECTOR ( 'NONE', #1386, 1000.000000000000114 ) ;
#969 = VERTEX_POINT ( 'NONE', #3168 ) ;
#970 = DIRECTION ( 'NONE',  ( 0.000000000000000000, 0.000000000000000000, 1.000000000000000000 ) ) ;
#971 = CARTESIAN_POINT ( 'NONE',  ( -80.00000000000314060, 138.5640646055217076, 100.7500000000000000 ) ) ;
#972 = AXIS2_PLACEMENT_3D ( 'NONE', #617, #144, #1373 ) ;
#973 = EDGE_LOOP ( 'NONE', ( #2642, #2531, #2018, #2212 ) ) ;
#974 = CARTESIAN_POINT ( 'NONE',  ( -87.25000000004320100, -138.5640646054986007, 64.25000000000000000 ) ) ;
#975 = VERTEX_POINT ( 'NONE', #1684 ) ;
#976 = FACE_BOUND ( 'NONE', #1540, .T. ) ;
#977 = EDGE_CURVE ( 'NONE', #2246, #2711, #648, .T. ) ;
#978 = APPROVAL ( #490, 'UNSPECIFIED' ) ;
#979 = PERSON_AND_ORGANIZATION ( #1099, #2797 ) ;
#980 = ORIENTED_EDGE ( 'NONE', *, *, #3154, .T. ) ;
#981 = EDGE_CURVE ( 'NONE', #409, #1465, #335, .T. ) ;
#982 = CYLINDRICAL_SURFACE ( 'NONE', #1781, 7.249999999999978684 ) ;
#983 = EDGE_CURVE ( 'NONE', #969, #1509, #2701, .T. ) ;
#984 = DIRECTION ( 'NONE',  ( 0.8571673007021117785, 1.049727191138617956E-16, -0.5150380749100550437 ) ) ;
#985 = ORIENTED_EDGE ( 'NONE', *, *, #2319, .F. ) ;
#986 = EDGE_CURVE ( 'NONE', #1847, #3023, #2216, .T. ) ;
#987 = AXIS2_PLACEMENT_3D ( 'NONE', #1618, #1058, #2591 ) ;
#988 = CARTESIAN_POINT ( 'NONE',  ( 0.000000000000000000, 0.000000000000000000, 0.000000000000000000 ) ) ;
#989 = VERTEX_POINT ( 'NONE', #1916 ) ;
#990 = CARTESIAN_POINT ( 'NONE',  ( -171.9060426512237427, -99.24999999999269562, 0.000000000000000000 ) ) ;
#991 = LINE ( 'NONE', #2056, #1508 ) ;
#992 = VECTOR ( 'NONE', #881, 1000.000000000000000 ) ;
#993 = ORIENTED_EDGE ( 'NONE', *, *, #2425, .F. ) ;
#994 = CARTESIAN_POINT ( 'NONE',  ( -171.9060426512152731, 99.25000000000731859, -6.674325055353047628E-16 ) ) ;
#995 = LINE ( 'NONE', #3047, #240 ) ;
#996 = CIRCLE ( 'NONE', #2340, 7.249999999999984013 ) ;
#997 = PERSON_AND_ORGANIZATION_ROLE ( 'design_supplier' ) ;
#998 = VERTEX_POINT ( 'NONE', #632 ) ;
#999 = EDGE_CURVE ( 'NONE', #2310, #1863, #2649, .T. ) ;
#1000 = DIRECTION ( 'NONE',  ( 0.000000000000000000, 0.000000000000000000, -1.000000000000000000 ) ) ;
#1001 = ORIENTED_EDGE ( 'NONE', *, *, #2957, .F. ) ;
#1002 = CC_DESIGN_PERSON_AND_ORGANIZATION_ASSIGNMENT ( #2731, #3018, ( #3040 ) ) ;
#1003 = LINE ( 'NONE', #506, #2049 ) ;
#1004 = CONICAL_SURFACE ( 'NONE', #2886, 7.250000000000006217, 1.029744258676655866 ) ;
#1005 = DIRECTION ( 'NONE',  ( -0.8571673007021116675, 0.000000000000000000, -0.5150380749100552658 ) ) ;
#1006 = DIRECTION ( 'NONE',  ( -1.000000000000000000, 0.000000000000000000, 0.000000000000000000 ) ) ;
#1007 = ORIENTED_EDGE ( 'NONE', *, *, #229, .T. ) ;
#1008 = ORIENTED_EDGE ( 'NONE', *, *, #1253, .T. ) ;
#1009 = CARTESIAN_POINT ( 'NONE',  ( -131.3140646055217644, 80.00000000002003731, 100.7500000000000000 ) ) ;
#1010 = CARTESIAN_POINT ( 'NONE',  ( -1.595540250536404914, -199.4681532498212562, 39.73806929756835871 ) ) ;
#1011 = VERTEX_POINT ( 'NONE', #1379 ) ;
#1012 = CARTESIAN_POINT ( 'NONE',  ( 6.735557395310444508E-14, -200.0000000000000568, 26.12500000000000355 ) ) ;
#1013 = DIRECTION ( 'NONE',  ( -1.000000000000000000, 0.000000000000000000, 0.000000000000000000 ) ) ;
#1014 = EDGE_LOOP ( 'NONE', ( #2515, #2233, #343 ) ) ;
#1015 = B_SPLINE_CURVE_WITH_KNOTS ( 'NONE', 3,
 ( #1394, #3183, #889, #418 ),
 .UNSPECIFIED., .F., .F.,
 ( 4, 4 ),
 ( 0.1153319367296300191, 0.2123368893181009354 ),
 .UNSPECIFIED. ) ;
#1016 = DIRECTION ( 'NONE',  ( -1.000000000000000000, 0.000000000000000000, 0.000000000000000000 ) ) ;
#1017 = AXIS2_PLACEMENT_3D ( 'NONE', #208, #423, #2668 ) ;
#1018 = ADVANCED_FACE ( 'NONE', ( #389 ), #2172, .F. ) ;
#1019 = CIRCLE ( 'NONE', #253, 7.249999999999978684 ) ;
#1020 = AXIS2_PLACEMENT_3D ( 'NONE', #466, #1176, #1160 ) ;
#1021 = DIRECTION ( 'NONE',  ( -1.000000000000000000, 0.000000000000000000, 0.000000000000000000 ) ) ;
#1022 = DIRECTION ( 'NONE',  ( -0.000000000000000000, -0.000000000000000000, -1.000000000000000000 ) ) ;
#1023 = EDGE_CURVE ( 'NONE', #880, #1683, #1207, .T. ) ;
#1024 = CIRCLE ( 'NONE', #44, 7.249999999999992895 ) ;
#1025 = ORIENTED_EDGE ( 'NONE', *, *, #3154, .F. ) ;
#1026 = DIRECTION ( 'NONE',  ( -1.000000000000000000, 0.000000000000000000, 0.000000000000000000 ) ) ;
#1027 = LINE ( 'NONE', #2059, #641 ) ;
#1028 = EDGE_CURVE ( 'NONE', #2269, #2381, #1636, .T. ) ;
#1029 = VERTEX_POINT ( 'NONE', #1431 ) ;
#1030 = CARTESIAN_POINT ( 'NONE',  ( 99.24999999998425437, -171.9060426512153299, 36.50000000000000000 ) ) ;
#1031 = LINE ( 'NONE', #2050, #1783 ) ;
#1032 = EDGE_LOOP ( 'NONE', ( #2271, #1695, #2179 ) ) ;
#1033 = DIRECTION ( 'NONE',  ( 0.8571673007021116675, 1.049727191138617833E-16, -0.5150380749100552658 ) ) ;
#1034 = AXIS2_PLACEMENT_3D ( 'NONE', #1518, #1247, #272 ) ;
#1035 = CARTESIAN_POINT ( 'NONE',  ( -87.25000000000312639, 138.5640646055217076, 100.7500000000000000 ) ) ;
#1036 = DIRECTION ( 'NONE',  ( -0.000000000000000000, -0.000000000000000000, -1.000000000000000000 ) ) ;
#1037 = ORIENTED_EDGE ( 'NONE', *, *, #457, .T. ) ;
#1038 = EDGE_CURVE ( 'NONE', #2711, #2912, #1015, .T. ) ;
#1039 = VECTOR ( 'NONE', #2453, 1000.000000000000000 ) ;
#1040 = CARTESIAN_POINT ( 'NONE',  ( -205.7500000000083844, 8.426100124458180830E-12, -6.674325055353047628E-16 ) ) ;
#1041 = CARTESIAN_POINT ( 'NONE',  ( -1.013112561975851200, -199.6622958126746994, 39.93612864585207234 ) ) ;
#1042 = AXIS2_PLACEMENT_3D ( 'NONE', #596, #2159, #2621 ) ;
#1043 = AXIS2_PLACEMENT_3D ( 'NONE', #583, #2093, #1137 ) ;
#1044 = EDGE_LOOP ( 'NONE', ( #2716, #1865, #267 ) ) ;
#1045 = VERTEX_POINT ( 'NONE', #401 ) ;
#1046 = EDGE_LOOP ( 'NONE', ( #1193, #2437 ) ) ;
#1047 = CARTESIAN_POINT ( 'NONE',  ( 0.000000000000000000, 0.000000000000000000, 10.00000000000000000 ) ) ;
#1048 = EDGE_LOOP ( 'NONE', ( #1822, #768, #2452 ) ) ;
#1049 = AXIS2_PLACEMENT_3D ( 'NONE', #1772, #2788, #515 ) ;
#1050 = FACE_OUTER_BOUND ( 'NONE', #2858, .T. ) ;
#1051 = VERTEX_POINT ( 'NONE', #903 ) ;
#1052 = LINE ( 'NONE', #3104, #3012 ) ;
#1053 = CARTESIAN_POINT ( 'NONE',  ( 4.898587196589412868E-14, -400.0000000000000000, 126.1249999999999858 ) ) ;
#1054 = CARTESIAN_POINT ( 'NONE',  ( 171.9060426512069171, 99.24999999999258193, -6.674325055353047628E-16 ) ) ;
#1055 = VERTEX_POINT ( 'NONE', #2200 ) ;
#1056 = CARTESIAN_POINT ( 'NONE',  ( -72.75000000004321521, -138.5640646054986007, 64.25000000000000000 ) ) ;
#1057 = ORIENTED_EDGE ( 'NONE', *, *, #1038, .F. ) ;
#1058 = DIRECTION ( 'NONE',  ( -0.000000000000000000, -0.000000000000000000, -1.000000000000000000 ) ) ;
#1059 = PRODUCT_RELATED_PRODUCT_CATEGORY ( 'detail', '', ( #936 ) ) ;
#1060 = CARTESIAN_POINT ( 'NONE',  ( 138.5640646054754939, -80.00000000002009415, 64.25000000000000000 ) ) ;
#1061 = DIRECTION ( 'NONE',  ( -0.000000000000000000, -0.000000000000000000, -1.000000000000000000 ) ) ;
#1062 = EDGE_CURVE ( 'NONE', #1011, #551, #666, .T. ) ;
#1063 = ADVANCED_FACE ( 'NONE', ( #2720 ), #3138, .F. ) ;
#1064 = DIRECTION ( 'NONE',  ( -1.000000000000000000, 0.000000000000000000, 0.000000000000000000 ) ) ;
#1065 = ORIENTED_EDGE ( 'NONE', *, *, #1747, .T. ) ;
#1066 = CARTESIAN_POINT ( 'NONE',  ( 171.9060426511984190, -99.25000000000737543, 36.50000000000000000 ) ) ;
#1067 = CARTESIAN_POINT ( 'NONE',  ( -6.298948963512538413, -197.9003503454958661, 37.05596671893442107 ) ) ;
#1068 = DIRECTION ( 'NONE',  ( -0.000000000000000000, -0.000000000000000000, -1.000000000000000000 ) ) ;
#1069 = EDGE_CURVE ( 'NONE', #2789, #2317, #62, .T. ) ;
#1070 = VECTOR ( 'NONE', #857, 1000.000000000000000 ) ;
#1071 = VECTOR ( 'NONE', #1105, 1000.000000000000000 ) ;
#1072 = ORIENTED_EDGE ( 'NONE', *, *, #1169, .T. ) ;
#1073 = ORIENTED_EDGE ( 'NONE', *, *, #214, .F. ) ;
#1074 = CARTESIAN_POINT ( 'NONE',  ( 79.99999999999697309, 138.5640646054985723, 100.7500000000000000 ) ) ;
#1075 = CARTESIAN_POINT ( 'NONE',  ( -145.8140646055217644, 80.00000000002003731, 64.25000000000000000 ) ) ;
#1076 = AXIS2_PLACEMENT_3D ( 'NONE', #3230, #1156, #2180 ) ;
#1077 = VECTOR ( 'NONE', #1959, 1000.000000000000000 ) ;
#1078 = ORIENTED_EDGE ( 'NONE', *, *, #1953, .T. ) ;
#1079 = EDGE_LOOP ( 'NONE', ( #2121, #54, #3013, #2168, #885, #1663 ) ) ;
#1080 = CARTESIAN_POINT ( 'NONE',  ( -138.5640646055217644, 80.00000000002003731, 100.7500000000000000 ) ) ;
#1081 = SECURITY_CLASSIFICATION ( '', '', #231 ) ;
#1082 = FACE_OUTER_BOUND ( 'NONE', #1946, .T. ) ;
#1083 = ORIENTED_EDGE ( 'NONE', *, *, #1729, .F. ) ;
#1084 = EDGE_CURVE ( 'NONE', #2868, #2917, #788, .T. ) ;
#1085 = CARTESIAN_POINT ( 'NONE',  ( 159.9999999999768932, -2.315316122330659707E-11, 64.25000000000000000 ) ) ;
#1086 = EDGE_CURVE ( 'NONE', #145, #2080, #2445, .T. ) ;
#1087 = EDGE_CURVE ( 'NONE', #2698, #1927, #1733, .T. ) ;
#1088 = LINE ( 'NONE', #2087, #3180 ) ;
#1089 = DIRECTION ( 'NONE',  ( -1.000000000000000000, 0.000000000000000000, 0.000000000000000000 ) ) ;
#1090 = EDGE_CURVE ( 'NONE', #3126, #1116, #463, .T. ) ;
#1091 = DIRECTION ( 'NONE',  ( -0.000000000000000000, -0.000000000000000000, -1.000000000000000000 ) ) ;
#1092 = DIRECTION ( 'NONE',  ( -1.000000000000000000, 0.000000000000000000, 0.000000000000000000 ) ) ;
#1093 = VECTOR ( 'NONE', #2756, 1000.000000000000000 ) ;
#1094 = CIRCLE ( 'NONE', #781, 7.249999999999978684 ) ;
#1095 = ORIENTED_EDGE ( 'NONE', *, *, #2638, .T. ) ;
#1096 = ORIENTED_EDGE ( 'NONE', *, *, #1777, .F. ) ;
#1097 = DIRECTION ( 'NONE',  ( -0.000000000000000000, -0.000000000000000000, -1.000000000000000000 ) ) ;
#1098 = AXIS2_PLACEMENT_3D ( 'NONE', #2908, #3109, #1617 ) ;
#1099 = PERSON ( 'UNSPECIFIED', 'UNSPECIFIED', 'UNSPECIFIED', ('UNSPECIFIED'), ('UNSPECIFIED'), ('UNSPECIFIED') ) ;
#1100 = ORIENTED_EDGE ( 'NONE', *, *, #116, .F. ) ;
#1101 = AXIS2_PLACEMENT_3D ( 'NONE', #3082, #1301, #1824 ) ;
#1102 = CARTESIAN_POINT ( 'NONE',  ( -171.9060426512237427, -99.24999999999269562, 0.000000000000000000 ) ) ;
#1103 = EDGE_LOOP ( 'NONE', ( #1123, #484 ) ) ;
#1104 = ORIENTED_EDGE ( 'NONE', *, *, #2301, .F. ) ;
#1105 = DIRECTION ( 'NONE',  ( -0.000000000000000000, -0.000000000000000000, -1.000000000000000000 ) ) ;
#1106 = AXIS2_PLACEMENT_3D ( 'NONE', #2243, #1420, #2429 ) ;
#1107 = CARTESIAN_POINT ( 'NONE',  ( -131.3140646055217644, 80.00000000002003731, 100.7500000000000000 ) ) ;
#1108 = DIRECTION ( 'NONE',  ( -0.000000000000000000, -0.000000000000000000, -1.000000000000000000 ) ) ;
#1109 = AXIS2_PLACEMENT_3D ( 'NONE', #2492, #729, #1153 ) ;
#1110 = EDGE_CURVE ( 'NONE', #905, #1051, #2122, .T. ) ;
#1111 = ORIENTED_EDGE ( 'NONE', *, *, #2425, .T. ) ;
#1112 = DIRECTION ( 'NONE',  ( -1.000000000000000000, 0.000000000000000000, 0.000000000000000000 ) ) ;
#1113 = DIRECTION ( 'NONE',  ( 1.000000000000000000, 0.000000000000000000, 0.000000000000000000 ) ) ;
#1114 = CARTESIAN_POINT ( 'NONE',  ( -99.25000000000019895, 171.9060426512109530, -6.674325055353047628E-16 ) ) ;
#1115 = FACE_OUTER_BOUND ( 'NONE', #226, .T. ) ;
#1116 = VERTEX_POINT ( 'NONE', #2234 ) ;
#1117 = VECTOR ( 'NONE', #2573, 1000.000000000000000 ) ;
#1118 = FACE_OUTER_BOUND ( 'NONE', #2008, .T. ) ;
#1119 = VERTEX_POINT ( 'NONE', #298 ) ;
#1120 = EDGE_LOOP ( 'NONE', ( #1096, #3156, #2615, #2178 ) ) ;
#1121 = EDGE_LOOP ( 'NONE', ( #2579, #3197, #807 ) ) ;
#1122 = CARTESIAN_POINT ( 'NONE',  ( 131.3140646054754939, -80.00000000002009415, 64.25000000000000000 ) ) ;
#1123 = ORIENTED_EDGE ( 'NONE', *, *, #2486, .F. ) ;
#1124 = FACE_OUTER_BOUND ( 'NONE', #1079, .T. ) ;
#1125 = ADVANCED_FACE ( 'NONE', ( #317 ), #2753, .F. ) ;
#1126 = CARTESIAN_POINT ( 'NONE',  ( 164.6560426512069455, 99.24999999999258193, 36.50000000000000000 ) ) ;
#1127 = CIRCLE ( 'NONE', #2844, 7.249999999999978684 ) ;
#1128 = DIRECTION ( 'NONE',  ( -1.000000000000000000, 0.000000000000000000, 0.000000000000000000 ) ) ;
#1129 = EDGE_CURVE ( 'NONE', #1637, #1596, #1537, .T. ) ;
#1130 = DIRECTION ( 'NONE',  ( -0.000000000000000000, -0.000000000000000000, -1.000000000000000000 ) ) ;
#1131 = CIRCLE ( 'NONE', #2315, 7.249999999999992895 ) ;
#1132 = ADVANCED_FACE ( 'NONE', ( #2314 ), #3251, .F. ) ;
#1133 = CARTESIAN_POINT ( 'NONE',  ( -72.75000000000314060, 138.5640646055217076, 100.7500000000000000 ) ) ;
#1134 = AXIS2_PLACEMENT_3D ( 'NONE', #1173, #2951, #630 ) ;
#1135 = EDGE_LOOP ( 'NONE', ( #2104, #2359 ) ) ;
#1136 = ADVANCED_FACE ( 'NONE', ( #1558 ), #2819, .F. ) ;
#1137 = DIRECTION ( 'NONE',  ( -1.000000000000000000, 0.000000000000000000, 0.000000000000000000 ) ) ;
#1138 = CARTESIAN_POINT ( 'NONE',  ( 180.9999999999999716, 2.216610706456709021E-14, 152.2500000000000000 ) ) ;
#1139 = VERTEX_POINT ( 'NONE', #704 ) ;
#1140 = ADVANCED_FACE ( 'NONE', ( #334 ), #2047, .F. ) ;
#1141 = CONICAL_SURFACE ( 'NONE', #2373, 7.249999999999978684, 1.029744258676653423 ) ;
#1142 = CARTESIAN_POINT ( 'NONE',  ( 79.99999999999697309, 138.5640646054985723, 100.7500000000000000 ) ) ;
#1143 = ORIENTED_EDGE ( 'NONE', *, *, #1129, .F. ) ;
#1144 = DIRECTION ( 'NONE',  ( -0.000000000000000000, -0.000000000000000000, -1.000000000000000000 ) ) ;
#1145 = DIRECTION ( 'NONE',  ( -0.000000000000000000, -0.000000000000000000, -1.000000000000000000 ) ) ;
#1146 = ORIENTED_EDGE ( 'NONE', *, *, #1336, .T. ) ;
#1147 = DIRECTION ( 'NONE',  ( 0.000000000000000000, 0.000000000000000000, 1.000000000000000000 ) ) ;
#1148 = CARTESIAN_POINT ( 'NONE',  ( 91.99999999998426858, -171.9060426512153299, 36.50000000000000000 ) ) ;
#1149 = EDGE_CURVE ( 'NONE', #59, #914, #2299, .T. ) ;
#1150 = DIRECTION ( 'NONE',  ( -0.000000000000000000, -0.000000000000000000, -1.000000000000000000 ) ) ;
#1151 = VECTOR ( 'NONE', #2133, 1000.000000000000000 ) ;
#1152 = CARTESIAN_POINT ( 'NONE',  ( -102.9630061171213384, -165.6789979609595775, 26.12499999999997513 ) ) ;
#1153 = DIRECTION ( 'NONE',  ( -1.000000000000000000, 0.000000000000000000, 0.000000000000000000 ) ) ;
#1154 = CARTESIAN_POINT ( 'NONE',  ( 199.3253060698591810, 2.656156762246053571, 40.42046299695872591 ) ) ;
#1155 = ORIENTED_EDGE ( 'NONE', *, *, #557, .T. ) ;
#1156 = DIRECTION ( 'NONE',  ( 0.000000000000000000, 0.000000000000000000, -1.000000000000000000 ) ) ;
#1157 = AXIS2_PLACEMENT_3D ( 'NONE', #839, #854, #1878 ) ;
#1158 = EDGE_LOOP ( 'NONE', ( #394, #1155 ) ) ;
#1159 = DIRECTION ( 'NONE',  ( -1.000000000000000000, 0.000000000000000000, 0.000000000000000000 ) ) ;
#1160 = DIRECTION ( 'NONE',  ( -1.000000000000000000, 0.000000000000000000, 0.000000000000000000 ) ) ;
#1161 = AXIS2_PLACEMENT_3D ( 'NONE', #742, #2058, #2776 ) ;
#1162 = CIRCLE ( 'NONE', #1594, 185.9999999999999716 ) ;
#1163 = EDGE_LOOP ( 'NONE', ( #553, #840 ) ) ;
#1164 = DIRECTION ( 'NONE',  ( -0.000000000000000000, -0.000000000000000000, -1.000000000000000000 ) ) ;
#1165 = DIRECTION ( 'NONE',  ( -0.000000000000000000, -0.000000000000000000, 1.000000000000000000 ) ) ;
#1166 = LINE ( 'NONE', #3190, #968 ) ;
#1167 = CARTESIAN_POINT ( 'NONE',  ( 0.000000000000000000, 0.000000000000000000, 152.2500000000000000 ) ) ;
#1168 = DIRECTION ( 'NONE',  ( -0.000000000000000000, -0.000000000000000000, -1.000000000000000000 ) ) ;
#1169 = EDGE_CURVE ( 'NONE', #2992, #2381, #2847, .T. ) ;
#1170 = CARTESIAN_POINT ( 'NONE',  ( 199.5768906261898223, -7.169575130648876637, 26.12500000000003908 ) ) ;
#1171 = VERTEX_POINT ( 'NONE', #1012 ) ;
#1172 = ADVANCED_FACE ( 'NONE', ( #47 ), #773, .F. ) ;
#1173 = CARTESIAN_POINT ( 'NONE',  ( 138.5640646054754939, -80.00000000002009415, 100.7500000000000000 ) ) ;
#1174 = EDGE_LOOP ( 'NONE', ( #2965, #3097 ) ) ;
#1175 = CARTESIAN_POINT ( 'NONE',  ( -7.249999999999995559, 160.0000000000000000, 100.7500000000000000 ) ) ;
#1176 = DIRECTION ( 'NONE',  ( -0.000000000000000000, -0.000000000000000000, -1.000000000000000000 ) ) ;
#1177 = ORIENTED_EDGE ( 'NONE', *, *, #668, .F. ) ;
#1178 = PLANE ( 'NONE',  #2120 ) ;
#1179 = DIRECTION ( 'NONE',  ( 0.000000000000000000, 0.000000000000000000, 1.000000000000000000 ) ) ;
#1180 = DIRECTION ( 'NONE',  ( -0.000000000000000000, -0.000000000000000000, -1.000000000000000000 ) ) ;
#1181 = DIRECTION ( 'NONE',  ( -1.000000000000000000, 0.000000000000000000, 0.000000000000000000 ) ) ;
#1182 = ORIENTED_EDGE ( 'NONE', *, *, #1069, .T. ) ;
#1183 = CARTESIAN_POINT ( 'NONE',  ( 106.4999999999842402, -171.9060426512153299, -6.674325055353047628E-16 ) ) ;
#1184 = VECTOR ( 'NONE', #692, 1000.000000000000000 ) ;
#1185 = CC_DESIGN_APPROVAL ( #670, ( #3040 ) ) ;
#1186 = CIRCLE ( 'NONE', #3064, 145.0000000000000000 ) ;
#1187 = COORDINATED_UNIVERSAL_TIME_OFFSET ( 2, 0, .AHEAD. ) ;
#1188 = ORIENTED_EDGE ( 'NONE', *, *, #2565, .F. ) ;
#1189 = CARTESIAN_POINT ( 'NONE',  ( -198.5000000000084128, 8.426100124458180830E-12, 40.85623948794980720 ) ) ;
#1190 = AXIS2_PLACEMENT_3D ( 'NONE', #2247, #3248, #1745 ) ;
#1191 = ADVANCED_FACE ( 'NONE', ( #1317 ), #1586, .F. ) ;
#1192 = AXIS2_PLACEMENT_3D ( 'NONE', #1225, #1499, #2514 ) ;
#1193 = ORIENTED_EDGE ( 'NONE', *, *, #1881, .F. ) ;
#1194 = CARTESIAN_POINT ( 'NONE',  ( -164.6560426512153015, 99.25000000000731859, 36.50000000000000000 ) ) ;
#1195 = EDGE_CURVE ( 'NONE', #1139, #1366, #3139, .T. ) ;
#1196 = CARTESIAN_POINT ( 'NONE',  ( 79.99999999995681321, -138.5640646055217928, 64.25000000000000000 ) ) ;
#1197 = EDGE_CURVE ( 'NONE', #1962, #989, #1862, .T. ) ;
#1198 = CYLINDRICAL_SURFACE ( 'NONE', #279, 7.250000000000006217 ) ;
#1199 = DIRECTION ( 'NONE',  ( -0.000000000000000000, -0.000000000000000000, -1.000000000000000000 ) ) ;
#1200 = DIRECTION ( 'NONE',  ( -0.000000000000000000, -0.000000000000000000, -1.000000000000000000 ) ) ;
#1201 = DIRECTION ( 'NONE',  ( -0.000000000000000000, -0.000000000000000000, -1.000000000000000000 ) ) ;
#1202 = DIRECTION ( 'NONE',  ( -0.000000000000000000, -0.000000000000000000, -1.000000000000000000 ) ) ;
#1203 = AXIS2_PLACEMENT_3D ( 'NONE', #291, #1534, #1470 ) ;
#1204 = CALENDAR_DATE ( 2026, 19, 4 ) ;
#1205 = EDGE_LOOP ( 'NONE', ( #1104, #2469, #3256, #762 ) ) ;
#1206 = DIRECTION ( 'NONE',  ( -0.000000000000000000, -0.000000000000000000, -1.000000000000000000 ) ) ;
#1207 = CIRCLE ( 'NONE', #3083, 7.249999999999992895 ) ;
#1208 = DIRECTION ( 'NONE',  ( -0.000000000000000000, -0.000000000000000000, -1.000000000000000000 ) ) ;
#1209 = EDGE_LOOP ( 'NONE', ( #2042, #1375, #527, #250 ) ) ;
#1210 = DIRECTION ( 'NONE',  ( -0.000000000000000000, -0.000000000000000000, -1.000000000000000000 ) ) ;
#1211 = CARTESIAN_POINT ( 'NONE',  ( 159.9999999999768932, -2.315316122330659707E-11, 64.25000000000000000 ) ) ;
#1212 = ADVANCED_FACE ( 'NONE', ( #1115 ), #126, .F. ) ;
#1213 = AXIS2_PLACEMENT_3D ( 'NONE', #892, #2424, #155 ) ;
#1214 = PRODUCT_DEFINITION_SHAPE ( 'NONE', 'NONE',  #3040 ) ;
#1215 = FACE_OUTER_BOUND ( 'NONE', #1593, .T. ) ;
#1216 = DIRECTION ( 'NONE',  ( 0.000000000000000000, -0.000000000000000000, -1.000000000000000000 ) ) ;
#1217 = EDGE_CURVE ( 'NONE', #838, #1045, #2548, .T. ) ;
#1218 = ORIENTED_EDGE ( 'NONE', *, *, #2385, .F. ) ;
#1219 = CARTESIAN_POINT ( 'NONE',  ( 199.3972467456198672, -0.1703875674032273302, 40.30958405213354467 ) ) ;
#1220 = DIRECTION ( 'NONE',  ( -1.000000000000000000, 0.000000000000000000, 0.000000000000000000 ) ) ;
#1221 = VECTOR ( 'NONE', #344, 1000.000000000000000 ) ;
#1222 = COORDINATED_UNIVERSAL_TIME_OFFSET ( 2, 0, .AHEAD. ) ;
#1223 = ORIENTED_EDGE ( 'NONE', *, *, #2982, .F. ) ;
#1224 = DIRECTION ( 'NONE',  ( 0.8571673007021113344, 1.049727191138617463E-16, -0.5150380749100558209 ) ) ;
#1225 = CARTESIAN_POINT ( 'NONE',  ( 99.24999999999896261, 171.9060426512068318, 36.50000000000000000 ) ) ;
#1226 = ORIENTED_EDGE ( 'NONE', *, *, #1692, .T. ) ;
#1227 = DIRECTION ( 'NONE',  ( -0.000000000000000000, -0.000000000000000000, -1.000000000000000000 ) ) ;
#1228 = CARTESIAN_POINT ( 'NONE',  ( 72.74999999999698730, 138.5640646054985723, 64.25000000000000000 ) ) ;
#1229 = CARTESIAN_POINT ( 'NONE',  ( -101.2974387542964507, -166.2341870819012399, 37.26370183768155186 ) ) ;
#1230 = EDGE_LOOP ( 'NONE', ( #216, #827, #1481, #2810 ) ) ;
#1231 = ADVANCED_FACE ( 'NONE', ( #94 ), #3158, .F. ) ;
#1232 = DIRECTION ( 'NONE',  ( -0.000000000000000000, -0.000000000000000000, -1.000000000000000000 ) ) ;
#1233 = EDGE_LOOP ( 'NONE', ( #1505, #2577, #2229 ) ) ;
#1234 = DIRECTION ( 'NONE',  ( -0.000000000000000000, -0.000000000000000000, -1.000000000000000000 ) ) ;
#1235 = ADVANCED_FACE ( 'NONE', ( #2161 ), #865, .F. ) ;
#1236 = PERSON_AND_ORGANIZATION ( #1099, #2797 ) ;
#1237 = AXIS2_PLACEMENT_3D ( 'NONE', #2240, #1437, #1957 ) ;
#1238 = EDGE_LOOP ( 'NONE', ( #1841, #2553 ) ) ;
#1239 = DIRECTION ( 'NONE',  ( -0.000000000000000000, -0.000000000000000000, -1.000000000000000000 ) ) ;
#1240 = AXIS2_PLACEMENT_3D ( 'NONE', #2799, #1735, #31 ) ;
#1241 = DIRECTION ( 'NONE',  ( -0.8571673007021128887, 0.000000000000000000, -0.5150380749100530453 ) ) ;
#1242 = EDGE_LOOP ( 'NONE', ( #1486, #1250, #2163 ) ) ;
#1243 = AXIS2_PLACEMENT_3D ( 'NONE', #1142, #662, #2644 ) ;
#1244 = CARTESIAN_POINT ( 'NONE',  ( 152.7499999999768647, -2.315316122330659707E-11, 64.25000000000000000 ) ) ;
#1245 = VECTOR ( 'NONE', #2979, 1000.000000000000000 ) ;
#1246 = ORIENTED_EDGE ( 'NONE', *, *, #2221, .F. ) ;
#1247 = DIRECTION ( 'NONE',  ( -0.000000000000000000, -0.000000000000000000, -1.000000000000000000 ) ) ;
#1248 = LINE ( 'NONE', #3055, #3159 ) ;
#1249 = AXIS2_PLACEMENT_3D ( 'NONE', #2142, #2949, #1625 ) ;
#1250 = ORIENTED_EDGE ( 'NONE', *, *, #1988, .T. ) ;
#1251 = CARTESIAN_POINT ( 'NONE',  ( -1.685220024891636166E-11, -198.5000000000000000, 36.50000000000000000 ) ) ;
#1252 = FACE_BOUND ( 'NONE', #60, .T. ) ;
#1253 = EDGE_CURVE ( 'NONE', #2317, #2789, #1426, .T. ) ;
#1254 = APPLICATION_PROTOCOL_DEFINITION ( 'international standard', 'config_control_design', 1994, #1461 ) ;
#1255 = VERTEX_POINT ( 'NONE', #2913 ) ;
#1256 = CYLINDRICAL_SURFACE ( 'NONE', #2907, 7.249999999999978684 ) ;
#1257 = ORIENTED_EDGE ( 'NONE', *, *, #1487, .T. ) ;
#1258 = CIRCLE ( 'NONE', #2595, 7.249999999999978684 ) ;
#1259 = CARTESIAN_POINT ( 'NONE',  ( 171.9060426512069171, 99.24999999999258193, 36.50000000000000000 ) ) ;
#1260 = CARTESIAN_POINT ( 'NONE',  ( -7.250000000016835422, -198.5000000000000000, 36.50000000000000000 ) ) ;
#1261 = CARTESIAN_POINT ( 'NONE',  ( 175.0869161674769714, 98.44863000108264828, 26.12500000000005329 ) ) ;
#1262 = ORIENTED_EDGE ( 'NONE', *, *, #1931, .F. ) ;
#1263 = DIRECTION ( 'NONE',  ( -1.000000000000000000, 0.000000000000000000, 0.000000000000000000 ) ) ;
#1264 = ORIENTED_EDGE ( 'NONE', *, *, #3100, .F. ) ;
#1265 = FACE_BOUND ( 'NONE', #45, .T. ) ;
#1266 = ORIENTED_EDGE ( 'NONE', *, *, #154, .F. ) ;
#1267 = EDGE_CURVE ( 'NONE', #399, #188, #2124, .T. ) ;
#1268 = DIRECTION ( 'NONE',  ( -1.000000000000000000, 0.000000000000000000, 0.000000000000000000 ) ) ;
#1269 = CYLINDRICAL_SURFACE ( 'NONE', #1348, 7.249999999999992895 ) ;
#1270 = EDGE_LOOP ( 'NONE', ( #1900, #2455, #2394, #1749 ) ) ;
#1271 = EDGE_CURVE ( 'NONE', #1637, #2283, #626, .T. ) ;
#1272 = DIRECTION ( 'NONE',  ( -1.000000000000000000, 0.000000000000000000, 0.000000000000000000 ) ) ;
#1273 = EDGE_CURVE ( 'NONE', #1861, #1171, #599, .T. ) ;
#1274 = CIRCLE ( 'NONE', #447, 185.9999999999999716 ) ;
#1275 = LINE ( 'NONE', #2238, #1476 ) ;
#1276 = CARTESIAN_POINT ( 'NONE',  ( -92.54336829218296145, -169.1522105692723699, 0.000000000000000000 ) ) ;
#1277 = EDGE_LOOP ( 'NONE', ( #2747, #2376, #1496, #639, #2987 ) ) ;
#1278 = VERTEX_POINT ( 'NONE', #2934 ) ;
#1279 = CARTESIAN_POINT ( 'NONE',  ( -1.686140164107333842E-11, -198.5000000000000000, 40.85623948794980720 ) ) ;
#1280 = ORIENTED_EDGE ( 'NONE', *, *, #848, .F. ) ;
#1281 = CARTESIAN_POINT ( 'NONE',  ( -0.2024075671235721074, -199.9325308109588661, 39.99548813810240944 ) ) ;
#1282 = ORIENTED_EDGE ( 'NONE', *, *, #712, .F. ) ;
#1283 = ORIENTED_EDGE ( 'NONE', *, *, #1441, .F. ) ;
#1284 = DIRECTION ( 'NONE',  ( -1.000000000000000000, 0.000000000000000000, 0.000000000000000000 ) ) ;
#1285 = LINE ( 'NONE', #585, #1731 ) ;
#1286 = EDGE_LOOP ( 'NONE', ( #2851, #443, #2463 ) ) ;
#1287 = CARTESIAN_POINT ( 'NONE',  ( 138.5640646054986860, 79.99999999997986322, 105.1062394879498072 ) ) ;
#1288 = AXIS2_PLACEMENT_3D ( 'NONE', #3236, #20, #2504 ) ;
#1289 = EDGE_CURVE ( 'NONE', #1333, #1861, #434, .T. ) ;
#1290 = AXIS2_PLACEMENT_3D ( 'NONE', #1395, #2972, #2422 ) ;
#1291 = ADVANCED_FACE ( 'NONE', ( #1335 ), #2623, .F. ) ;
#1292 = DIRECTION ( 'NONE',  ( -1.000000000000000000, 0.000000000000000000, 0.000000000000000000 ) ) ;
#1293 = DIRECTION ( 'NONE',  ( -0.000000000000000000, -0.000000000000000000, -1.000000000000000000 ) ) ;
#1294 = VECTOR ( 'NONE', #1914, 1000.000000000000000 ) ;
#1295 = ORIENTED_EDGE ( 'NONE', *, *, #1723, .F. ) ;
#1296 = VECTOR ( 'NONE', #2751, 1000.000000000000000 ) ;
#1297 = DIRECTION ( 'NONE',  ( -0.8571673007021122226, 0.000000000000000000, -0.5150380749100541555 ) ) ;
#1298 = CARTESIAN_POINT ( 'NONE',  ( 99.24999999998425437, -171.9060426512153299, 0.000000000000000000 ) ) ;
#1299 = EDGE_LOOP ( 'NONE', ( #582, #965, #3081, #2035 ) ) ;
#1300 = ORIENTED_EDGE ( 'NONE', *, *, #136, .F. ) ;
#1301 = DIRECTION ( 'NONE',  ( -0.000000000000000000, -0.000000000000000000, -1.000000000000000000 ) ) ;
#1302 = AXIS2_PLACEMENT_3D ( 'NONE', #2931, #123, #1113 ) ;
#1303 = ORIENTED_EDGE ( 'NONE', *, *, #2830, .T. ) ;
#1304 = DIRECTION ( 'NONE',  ( -0.000000000000000000, -0.000000000000000000, -1.000000000000000000 ) ) ;
#1305 = ORIENTED_EDGE ( 'NONE', *, *, #2522, .F. ) ;
#1306 = DIRECTION ( 'NONE',  ( 1.000000000000000000, 0.000000000000000000, 0.000000000000000000 ) ) ;
#1307 = CIRCLE ( 'NONE', #2703, 7.250000000000006217 ) ;
#1308 = CARTESIAN_POINT ( 'NONE',  ( -171.9060426512237427, -99.24999999999269562, 36.50000000000000000 ) ) ;
#1309 = CARTESIAN_POINT ( 'NONE',  ( 179.1560426511983906, -99.25000000000737543, -6.674325055353047628E-16 ) ) ;
#1310 = ORIENTED_EDGE ( 'NONE', *, *, #642, .T. ) ;
#1311 = ORIENTED_EDGE ( 'NONE', *, *, #3221, .F. ) ;
#1312 = FACE_OUTER_BOUND ( 'NONE', #1158, .T. ) ;
#1313 = ORIENTED_EDGE ( 'NONE', *, *, #342, .T. ) ;
#1314 = EDGE_CURVE ( 'NONE', #975, #1656, #2881, .T. ) ;
#1315 = DIRECTION ( 'NONE',  ( -0.000000000000000000, -0.000000000000000000, -1.000000000000000000 ) ) ;
#1316 = ORIENTED_EDGE ( 'NONE', *, *, #883, .F. ) ;
#1317 = FACE_OUTER_BOUND ( 'NONE', #1819, .T. ) ;
#1318 = VECTOR ( 'NONE', #3276, 1000.000000000000114 ) ;
#1319 = EDGE_LOOP ( 'NONE', ( #3030, #1524, #1398, #2350 ) ) ;
#1320 = AXIS2_PLACEMENT_3D ( 'NONE', #923, #1179, #1717 ) ;
#1321 = DIRECTION ( 'NONE',  ( -0.000000000000000000, -0.000000000000000000, -1.000000000000000000 ) ) ;
#1322 = EDGE_LOOP ( 'NONE', ( #383, #1986, #682, #1642 ) ) ;
#1323 = DIRECTION ( 'NONE',  ( -0.000000000000000000, -0.000000000000000000, -1.000000000000000000 ) ) ;
#1324 = DIRECTION ( 'NONE',  ( -1.000000000000000000, 0.000000000000000000, 0.000000000000000000 ) ) ;
#1325 = LINE ( 'NONE', #2354, #459 ) ;
#1326 = AXIS2_PLACEMENT_3D ( 'NONE', #2409, #105, #1092 ) ;
#1327 = ORIENTED_EDGE ( 'NONE', *, *, #1197, .T. ) ;
#1328 = DIRECTION ( 'NONE',  ( -0.000000000000000000, -0.000000000000000000, -1.000000000000000000 ) ) ;
#1329 = ORIENTED_EDGE ( 'NONE', *, *, #1484, .T. ) ;
#1330 = PLANE ( 'NONE',  #785 ) ;
#1331 = VECTOR ( 'NONE', #2984, 1000.000000000000000 ) ;
#1332 = EDGE_CURVE ( 'NONE', #2846, #309, #2128, .T. ) ;
#1333 = VERTEX_POINT ( 'NONE', #640 ) ;
#1334 = VERTEX_POINT ( 'NONE', #2656 ) ;
#1335 = FACE_OUTER_BOUND ( 'NONE', #1413, .T. ) ;
#1336 = EDGE_CURVE ( 'NONE', #30, #2735, #3175, .T. ) ;
#1337 = CARTESIAN_POINT ( 'NONE',  ( -87.25000000000312639, 138.5640646055217076, 100.7500000000000000 ) ) ;
#1338 = ORIENTED_EDGE ( 'NONE', *, *, #986, .T. ) ;
#1339 = DIRECTION ( 'NONE',  ( 0.8571673007021128887, 1.049727191138619312E-16, -0.5150380749100530453 ) ) ;
#1340 = CARTESIAN_POINT ( 'NONE',  ( 106.4999999999989626, 171.9060426512068318, -6.674325055353047628E-16 ) ) ;
#1341 = AXIS2_PLACEMENT_3D ( 'NONE', #1196, #1145, #1902 ) ;
#1342 = DIRECTION ( 'NONE',  ( 1.000000000000000000, 0.000000000000000000, 0.000000000000000000 ) ) ;
#1343 = AXIS2_PLACEMENT_3D ( 'NONE', #1578, #2367, #338 ) ;
#1344 = DIRECTION ( 'NONE',  ( -0.000000000000000000, -0.000000000000000000, -1.000000000000000000 ) ) ;
#1345 = LINE ( 'NONE', #2375, #3237 ) ;
#1346 = AXIS2_PLACEMENT_3D ( 'NONE', #1358, #2132, #3149 ) ;
#1347 = VERTEX_POINT ( 'NONE', #1657 ) ;
#1348 = AXIS2_PLACEMENT_3D ( 'NONE', #3038, #1208, #2481 ) ;
#1349 = ORIENTED_EDGE ( 'NONE', *, *, #196, .F. ) ;
#1350 = ORIENTED_EDGE ( 'NONE', *, *, #1584, .F. ) ;
#1351 = CARTESIAN_POINT ( 'NONE',  ( 99.24999999999896261, 171.9060426512068318, -6.674325055353047628E-16 ) ) ;
#1352 = ADVANCED_FACE ( 'NONE', ( #1389 ), #117, .F. ) ;
#1353 = ORIENTED_EDGE ( 'NONE', *, *, #221, .F. ) ;
#1354 = CC_DESIGN_DATE_AND_TIME_ASSIGNMENT ( #1743, #3280, ( #3040 ) ) ;
#1355 = CARTESIAN_POINT ( 'NONE',  ( 79.99999999995681321, -138.5640646055217928, 64.25000000000000000 ) ) ;
#1356 = ORIENTED_EDGE ( 'NONE', *, *, #557, .F. ) ;
#1357 = ORIENTED_EDGE ( 'NONE', *, *, #3021, .F. ) ;
#1358 = CARTESIAN_POINT ( 'NONE',  ( 0.000000000000000000, 0.000000000000000000, 152.2500000000000000 ) ) ;
#1359 = LINE ( 'NONE', #811, #1151 ) ;
#1360 = CARTESIAN_POINT ( 'NONE',  ( -171.9060426512152731, 99.25000000000731859, 36.50000000000000000 ) ) ;
#1361 = VERTEX_POINT ( 'NONE', #377 ) ;
#1362 = CARTESIAN_POINT ( 'NONE',  ( 174.1857408207833657, 99.54512835273263249, 39.48645863458210670 ) ) ;
#1363 = FACE_OUTER_BOUND ( 'NONE', #3099, .T. ) ;
#1364 = AXIS2_PLACEMENT_3D ( 'NONE', #1635, #2653, #329 ) ;
#1365 = ORIENTED_EDGE ( 'NONE', *, *, #2690, .F. ) ;
#1366 = VERTEX_POINT ( 'NONE', #360 ) ;
#1367 = CARTESIAN_POINT ( 'NONE',  ( 4.898587196589412868E-14, -400.0000000000000000, 26.12500000000000355 ) ) ;
#1368 = CIRCLE ( 'NONE', #3239, 7.249999999999978684 ) ;
#1369 = VECTOR ( 'NONE', #2438, 1000.000000000000114 ) ;
#1370 = ORIENTED_EDGE ( 'NONE', *, *, #11, .T. ) ;
#1371 = EDGE_CURVE ( 'NONE', #815, #512, #1538, .T. ) ;
#1372 = CIRCLE ( 'NONE', #2126, 7.249999999999978684 ) ;
#1373 = DIRECTION ( 'NONE',  ( -1.000000000000000000, 0.000000000000000000, 0.000000000000000000 ) ) ;
#1374 = VERTEX_POINT ( 'NONE', #3228 ) ;
#1375 = ORIENTED_EDGE ( 'NONE', *, *, #2430, .T. ) ;
#1376 = VECTOR ( 'NONE', #3098, 1000.000000000000000 ) ;
#1377 = DIRECTION ( 'NONE',  ( -0.000000000000000000, -0.000000000000000000, -1.000000000000000000 ) ) ;
#1378 = ORIENTED_EDGE ( 'NONE', *, *, #135, .F. ) ;
#1379 = CARTESIAN_POINT ( 'NONE',  ( 145.8140646054986860, 79.99999999997986322, 100.7500000000000000 ) ) ;
#1380 = ADVANCED_FACE ( 'NONE', ( #711 ), #545, .F. ) ;
#1381 = DIRECTION ( 'NONE',  ( 0.000000000000000000, 0.000000000000000000, -1.000000000000000000 ) ) ;
#1382 = EDGE_CURVE ( 'NONE', #127, #2063, #211, .T. ) ;
#1383 = FACE_OUTER_BOUND ( 'NONE', #358, .T. ) ;
#1384 = CARTESIAN_POINT ( 'NONE',  ( 164.6560426511984190, -99.25000000000737543, 36.50000000000000000 ) ) ;
#1385 = ADVANCED_FACE ( 'NONE', ( #2449 ), #2510, .F. ) ;
#1386 = DIRECTION ( 'NONE',  ( 0.8571673007021122226, 1.049727191138618696E-16, -0.5150380749100541555 ) ) ;
#1387 = ORIENTED_EDGE ( 'NONE', *, *, #1267, .F. ) ;
#1388 = ORIENTED_EDGE ( 'NONE', *, *, #2937, .T. ) ;
#1389 = FACE_OUTER_BOUND ( 'NONE', #879, .T. ) ;
#1390 = FACE_OUTER_BOUND ( 'NONE', #1859, .T. ) ;
#1391 = ORIENTED_EDGE ( 'NONE', *, *, #938, .F. ) ;
#1392 = DIRECTION ( 'NONE',  ( -0.000000000000000000, -0.000000000000000000, 1.000000000000000000 ) ) ;
#1393 = ORIENTED_EDGE ( 'NONE', *, *, #1893, .T. ) ;
#1394 = CARTESIAN_POINT ( 'NONE',  ( 169.1489316994268961, 105.9552844234584796, 26.12500000000000355 ) ) ;
#1395 = CARTESIAN_POINT ( 'NONE',  ( 79.99999999999697309, 138.5640646054985723, 100.7500000000000000 ) ) ;
#1396 = ADVANCED_FACE ( 'NONE', ( #1963 ), #1999, .F. ) ;
#1397 = VECTOR ( 'NONE', #561, 1000.000000000000000 ) ;
#1398 = ORIENTED_EDGE ( 'NONE', *, *, #2926, .T. ) ;
#1399 = DIRECTION ( 'NONE',  ( -1.000000000000000000, 0.000000000000000000, 0.000000000000000000 ) ) ;
#1400 = DIRECTION ( 'NONE',  ( -1.000000000000000000, 0.000000000000000000, 0.000000000000000000 ) ) ;
#1401 = VECTOR ( 'NONE', #171, 1000.000000000000000 ) ;
#1402 = CARTESIAN_POINT ( 'NONE',  ( -145.0000000000000000, 1.775737858763661857E-14, 152.2500000000000000 ) ) ;
#1403 = CIRCLE ( 'NONE', #663, 7.249999999999992895 ) ;
#1404 = CARTESIAN_POINT ( 'NONE',  ( 199.3947983662527577, -0.08448129726776493209, 40.31859038769327697 ) ) ;
#1405 = ORIENTED_EDGE ( 'NONE', *, *, #1062, .F. ) ;
#1406 = CARTESIAN_POINT ( 'NONE',  ( -4.626713374904048374E-11, -160.0000000000000000, 100.7500000000000000 ) ) ;
#1407 = AXIS2_PLACEMENT_3D ( 'NONE', #1512, #2533, #1730 ) ;
#1408 = CYLINDRICAL_SURFACE ( 'NONE', #420, 7.250000000000006217 ) ;
#1409 = VERTEX_POINT ( 'NONE', #180 ) ;
#1410 = ORIENTED_EDGE ( 'NONE', *, *, #3037, .T. ) ;
#1411 = CONICAL_SURFACE ( 'NONE', #152, 7.249999999999992895, 1.029744258676654090 ) ;
#1412 = CARTESIAN_POINT ( 'NONE',  ( 175.5181667378950294, 97.72678423371247902, 38.50624183221155761 ) ) ;
#1413 = EDGE_LOOP ( 'NONE', ( #2608, #985, #2502, #264 ) ) ;
#1414 = FACE_OUTER_BOUND ( 'NONE', #1121, .T. ) ;
#1415 = CARTESIAN_POINT ( 'NONE',  ( 79.99999999999697309, 138.5640646054985723, 64.25000000000000000 ) ) ;
#1416 = CARTESIAN_POINT ( 'NONE',  ( 99.24999999999896261, 171.9060426512068318, -6.674325055353047628E-16 ) ) ;
#1417 = DIRECTION ( 'NONE',  ( -0.000000000000000000, -0.000000000000000000, -1.000000000000000000 ) ) ;
#1418 = CARTESIAN_POINT ( 'NONE',  ( -160.0000000000231353, 2.313356687452024187E-11, 105.1062394879498072 ) ) ;
#1419 = ADVANCED_FACE ( 'NONE', ( #1474 ), #1600, .F. ) ;
#1420 = DIRECTION ( 'NONE',  ( -0.000000000000000000, -0.000000000000000000, -1.000000000000000000 ) ) ;
#1421 = ORIENTED_EDGE ( 'NONE', *, *, #2435, .F. ) ;
#1422 = CARTESIAN_POINT ( 'NONE',  ( -2.158023617226344726, -199.2806587942579313, 39.47899223092636589 ) ) ;
#1423 = CARTESIAN_POINT ( 'NONE',  ( -1.685220024891636166E-11, -198.5000000000000000, -6.674325055353047628E-16 ) ) ;
#1424 = ORIENTED_EDGE ( 'NONE', *, *, #2342, .T. ) ;
#1425 = AXIS2_PLACEMENT_3D ( 'NONE', #2184, #2647, #1901 ) ;
#1426 = CIRCLE ( 'NONE', #2391, 7.249999999999998224 ) ;
#1427 = DIRECTION ( 'NONE',  ( -0.000000000000000000, -0.000000000000000000, -1.000000000000000000 ) ) ;
#1428 = VECTOR ( 'NONE', #2694, 1000.000000000000000 ) ;
#1429 = VECTOR ( 'NONE', #1972, 1000.000000000000114 ) ;
#1430 = VERTEX_POINT ( 'NONE', #1183 ) ;
#1431 = CARTESIAN_POINT ( 'NONE',  ( -4.500000000000099476, -198.5000000000000000, 38.15236670233584704 ) ) ;
#1432 = FACE_BOUND ( 'NONE', #46, .T. ) ;
#1433 = CIRCLE ( 'NONE', #2654, 7.249999999999984013 ) ;
#1434 = AXIS2_PLACEMENT_3D ( 'NONE', #2876, #87, #834 ) ;
#1435 = ORIENTED_EDGE ( 'NONE', *, *, #2772, .T. ) ;
#1436 = LINE ( 'NONE', #1919, #1966 ) ;
#1437 = DIRECTION ( 'NONE',  ( -0.000000000000000000, -0.000000000000000000, -1.000000000000000000 ) ) ;
#1438 = FACE_OUTER_BOUND ( 'NONE', #2676, .T. ) ;
#1439 = CARTESIAN_POINT ( 'NONE',  ( 199.4019936385772951, -0.3375987128729228126, 40.27954007376047230 ) ) ;
#1440 = CARTESIAN_POINT ( 'NONE',  ( -171.9060426512152731, 99.25000000000731859, -6.674325055353047628E-16 ) ) ;
#1441 = EDGE_CURVE ( 'NONE', #3009, #1500, #1274, .T. ) ;
#1442 = ADVANCED_FACE ( 'NONE', ( #2745 ), #1004, .F. ) ;
#1443 = CIRCLE ( 'NONE', #2778, 7.249999999999978684 ) ;
#1444 = DATE_TIME_ROLE ( 'classification_date' ) ;
#1445 = ORIENTED_EDGE ( 'NONE', *, *, #3029, .T. ) ;
#1446 = CARTESIAN_POINT ( 'NONE',  ( 176.5769466341197926, 96.24018512468636288, 37.52605895324194307 ) ) ;
#1447 = EDGE_LOOP ( 'NONE', ( #824, #2112, #1182, #270 ) ) ;
#1448 = DIRECTION ( 'NONE',  ( -1.000000000000000000, 0.000000000000000000, 0.000000000000000000 ) ) ;
#1449 = DIRECTION ( 'NONE',  ( -1.000000000000000000, 0.000000000000000000, 0.000000000000000000 ) ) ;
#1450 = DIRECTION ( 'NONE',  ( -0.000000000000000000, -0.000000000000000000, -1.000000000000000000 ) ) ;
#1451 = DIRECTION ( 'NONE',  ( 1.000000000000000000, 0.000000000000000000, -0.000000000000000000 ) ) ;
#1452 = DIRECTION ( 'NONE',  ( -0.000000000000000000, -0.000000000000000000, -1.000000000000000000 ) ) ;
#1453 = DIRECTION ( 'NONE',  ( -1.000000000000000000, 0.000000000000000000, 0.000000000000000000 ) ) ;
#1454 = CARTESIAN_POINT ( 'NONE',  ( -4.500000000000099476, -198.5000000000000000, 38.15236670233584704 ) ) ;
#1455 = CIRCLE ( 'NONE', #42, 7.249999999999978684 ) ;
#1456 = DATE_AND_TIME ( #2763, #255 ) ;
#1457 = ORIENTED_EDGE ( 'NONE', *, *, #751, .T. ) ;
#1458 = ADVANCED_FACE ( 'NONE', ( #1982 ), #25, .F. ) ;
#1459 = FACE_OUTER_BOUND ( 'NONE', #1242, .T. ) ;
#1460 = CIRCLE ( 'NONE', #1190, 7.249999999999978684 ) ;
#1461 = APPLICATION_CONTEXT ( 'configuration controlled 3d designs of mechanical parts and assemblies' ) ;
#1462 = DIRECTION ( 'NONE',  ( -0.000000000000000000, -0.000000000000000000, -1.000000000000000000 ) ) ;
#1463 = CIRCLE ( 'NONE', #1320, 211.0000000000000284 ) ;
#1464 = CONICAL_SURFACE ( 'NONE', #2795, 7.249999999999995559, 1.029744258676654534 ) ;
#1465 = VERTEX_POINT ( 'NONE', #228 ) ;
#1466 = CARTESIAN_POINT ( 'NONE',  ( 6.735557395310444508E-14, -200.0000000000000568, 126.1249999999999858 ) ) ;
#1467 = DIRECTION ( 'NONE',  ( -1.000000000000000000, 0.000000000000000000, 0.000000000000000000 ) ) ;
#1468 = EDGE_CURVE ( 'NONE', #2341, #387, #1443, .T. ) ;
#1469 = ORIENTED_EDGE ( 'NONE', *, *, #3118, .F. ) ;
#1470 = DIRECTION ( 'NONE',  ( -1.000000000000000000, 0.000000000000000000, 0.000000000000000000 ) ) ;
#1471 = LINE ( 'NONE', #2190, #1184 ) ;
#1472 = EDGE_LOOP ( 'NONE', ( #2183, #2287, #620, #546, #397, #787 ) ) ;
#1473 = CARTESIAN_POINT ( 'NONE',  ( 199.4763337934709000, -3.070574540791242146, 38.92203760312685290 ) ) ;
#1474 = FACE_OUTER_BOUND ( 'NONE', #1233, .T. ) ;
#1475 = B_SPLINE_CURVE_WITH_KNOTS ( 'NONE', 3,
 ( #102, #1067, #2101, #3123 ),
 .UNSPECIFIED., .F., .F.,
 ( 4, 4 ),
 ( 3.939816992803530366E-07, 0.003286006925994159125 ),
 .UNSPECIFIED. ) ;
#1476 = VECTOR ( 'NONE', #1736, 1000.000000000000000 ) ;
#1477 = PERSON_AND_ORGANIZATION ( #1099, #2797 ) ;
#1478 = EDGE_LOOP ( 'NONE', ( #1177, #40, #2592 ) ) ;
#1479 = DIRECTION ( 'NONE',  ( -1.000000000000000000, 0.000000000000000000, 0.000000000000000000 ) ) ;
#1480 = CARTESIAN_POINT ( 'NONE',  ( 198.4999999999915872, -8.450409363421256829E-12, 36.50000000000000000 ) ) ;
#1481 = ORIENTED_EDGE ( 'NONE', *, *, #849, .T. ) ;
#1482 = CARTESIAN_POINT ( 'NONE',  ( 131.3140646054754939, -80.00000000002009415, 100.7500000000000000 ) ) ;
#1483 = CYLINDRICAL_SURFACE ( 'NONE', #202, 7.249999999999985789 ) ;
#1484 = EDGE_CURVE ( 'NONE', #1596, #1637, #600, .T. ) ;
#1485 = AXIS2_PLACEMENT_3D ( 'NONE', #2395, #1622, #347 ) ;
#1486 = ORIENTED_EDGE ( 'NONE', *, *, #1692, .F. ) ;
#1487 = EDGE_CURVE ( 'NONE', #1596, #2022, #3016, .T. ) ;
#1488 = DIRECTION ( 'NONE',  ( -1.000000000000000000, 0.000000000000000000, 0.000000000000000000 ) ) ;
#1489 = CARTESIAN_POINT ( 'NONE',  ( -138.5640646055448997, -79.99999999997994848, 64.25000000000000000 ) ) ;
#1490 = EDGE_CURVE ( 'NONE', #2478, #3023, #3048, .T. ) ;
#1491 = AXIS2_PLACEMENT_3D ( 'NONE', #2030, #543, #295 ) ;
#1492 = VERTEX_POINT ( 'NONE', #698 ) ;
#1493 = CARTESIAN_POINT ( 'NONE',  ( -171.9060426512152731, 99.25000000000731859, 36.50000000000000000 ) ) ;
#1494 = CARTESIAN_POINT ( 'NONE',  ( 99.24999999999896261, 171.9060426512068318, 36.50000000000000000 ) ) ;
#1495 = DIRECTION ( 'NONE',  ( 0.000000000000000000, 0.000000000000000000, 1.000000000000000000 ) ) ;
#1496 = ORIENTED_EDGE ( 'NONE', *, *, #116, .T. ) ;
#1497 = DIRECTION ( 'NONE',  ( -0.000000000000000000, -0.000000000000000000, -1.000000000000000000 ) ) ;
#1498 = CIRCLE ( 'NONE', #1326, 7.249999999999978684 ) ;
#1499 = DIRECTION ( 'NONE',  ( -0.000000000000000000, -0.000000000000000000, -1.000000000000000000 ) ) ;
#1500 = VERTEX_POINT ( 'NONE', #2175 ) ;
#1501 = FACE_OUTER_BOUND ( 'NONE', #82, .T. ) ;
#1502 = ORIENTED_EDGE ( 'NONE', *, *, #2403, .T. ) ;
#1503 = CARTESIAN_POINT ( 'NONE',  ( 7.249999999953728569, -160.0000000000000000, 100.7500000000000000 ) ) ;
#1504 = CARTESIAN_POINT ( 'NONE',  ( -95.51499853398789242, -168.1616671553373408, 37.68102708950643631 ) ) ;
#1505 = ORIENTED_EDGE ( 'NONE', *, *, #2407, .F. ) ;
#1506 = CARTESIAN_POINT ( 'NONE',  ( -138.5640646055448997, -79.99999999997994848, 100.7500000000000000 ) ) ;
#1507 = FACE_OUTER_BOUND ( 'NONE', #1860, .T. ) ;
#1508 = VECTOR ( 'NONE', #2026, 1000.000000000000000 ) ;
#1509 = VERTEX_POINT ( 'NONE', #3000 ) ;
#1510 = CONICAL_SURFACE ( 'NONE', #1249, 7.249999999999978684, 1.029744258676653423 ) ;
#1511 = AXIS2_PLACEMENT_3D ( 'NONE', #2682, #1700, #419 ) ;
#1512 = CARTESIAN_POINT ( 'NONE',  ( 198.4999999999915872, -8.450409363421256829E-12, 36.50000000000000000 ) ) ;
#1513 = ORIENTED_EDGE ( 'NONE', *, *, #2849, .F. ) ;
#1514 = CIRCLE ( 'NONE', #2583, 7.250000000000006217 ) ;
#1515 = CARTESIAN_POINT ( 'NONE',  ( 7.249999999999995559, 160.0000000000000000, 100.7500000000000000 ) ) ;
#1516 = CONICAL_SURFACE ( 'NONE', #1192, 7.249999999999978684, 1.029744258676652535 ) ;
#1517 = EDGE_LOOP ( 'NONE', ( #902, #2958 ) ) ;
#1518 = CARTESIAN_POINT ( 'NONE',  ( 138.5640646054986860, 79.99999999997986322, 64.25000000000000000 ) ) ;
#1519 = DIRECTION ( 'NONE',  ( -1.000000000000000000, 0.000000000000000000, 0.000000000000000000 ) ) ;
#1520 = CIRCLE ( 'NONE', #2534, 7.249999999999988454 ) ;
#1521 = EDGE_CURVE ( 'NONE', #891, #3182, #1875, .T. ) ;
#1522 = EDGE_LOOP ( 'NONE', ( #3086, #2215, #568, #2768 ) ) ;
#1523 = CARTESIAN_POINT ( 'NONE',  ( -131.3140646055217644, 80.00000000002003731, 64.25000000000000000 ) ) ;
#1524 = ORIENTED_EDGE ( 'NONE', *, *, #1767, .F. ) ;
#1525 = FACE_BOUND ( 'NONE', #2274, .T. ) ;
#1526 = ADVANCED_FACE ( 'NONE', ( #2761 ), #3260, .F. ) ;
#1527 = ORIENTED_EDGE ( 'NONE', *, *, #1988, .F. ) ;
#1528 = EDGE_CURVE ( 'NONE', #1029, #929, #2884, .T. ) ;
#1529 = DIRECTION ( 'NONE',  ( -1.000000000000000000, 0.000000000000000000, 0.000000000000000000 ) ) ;
#1530 = EDGE_LOOP ( 'NONE', ( #672, #1037, #899, #900, #592 ) ) ;
#1531 = CIRCLE ( 'NONE', #2866, 211.0000000000000284 ) ;
#1532 = CARTESIAN_POINT ( 'NONE',  ( 7.249999999999997335, 160.0000000000000000, 64.25000000000000000 ) ) ;
#1533 = EDGE_CURVE ( 'NONE', #989, #2478, #2015, .T. ) ;
#1534 = DIRECTION ( 'NONE',  ( -0.000000000000000000, -0.000000000000000000, -1.000000000000000000 ) ) ;
#1535 = AXIS2_PLACEMENT_3D ( 'NONE', #2634, #372, #1112 ) ;
#1536 = CARTESIAN_POINT ( 'NONE',  ( -92.54336829218296145, -169.1522105692723699, 36.50000000000000000 ) ) ;
#1537 = CIRCLE ( 'NONE', #3189, 7.249999999999978684 ) ;
#1538 = CIRCLE ( 'NONE', #2817, 7.249999999999992895 ) ;
#1539 = ORIENTED_EDGE ( 'NONE', *, *, #1787, .T. ) ;
#1540 = EDGE_LOOP ( 'NONE', ( #3096, #1349 ) ) ;
#1541 = CARTESIAN_POINT ( 'NONE',  ( 0.000000000000000000, 0.000000000000000000, 10.00000000000000000 ) ) ;
#1542 = CARTESIAN_POINT ( 'NONE',  ( 199.5768906246193239, -7.169575062910615415, 36.50000000000000000 ) ) ;
#1543 = VECTOR ( 'NONE', #452, 1000.000000000000000 ) ;
#1544 = EDGE_LOOP ( 'NONE', ( #1732, #2922, #3285 ) ) ;
#1545 = DIRECTION ( 'NONE',  ( -1.000000000000000000, 0.000000000000000000, 0.000000000000000000 ) ) ;
#1546 = ADVANCED_FACE ( 'NONE', ( #976, #56, #2509, #1265, #2260, #1556, #265, #3033, #2328, #3278, #1252, #1525, #1789, #278 ), #1773, .F. ) ;
#1547 = DIRECTION ( 'NONE',  ( -0.000000000000000000, -0.000000000000000000, -1.000000000000000000 ) ) ;
#1548 = ORIENTED_EDGE ( 'NONE', *, *, #1289, .F. ) ;
#1549 = EDGE_CURVE ( 'NONE', #2517, #2397, #400, .T. ) ;
#1550 = DIRECTION ( 'NONE',  ( -0.000000000000000000, -0.000000000000000000, -1.000000000000000000 ) ) ;
#1551 = CIRCLE ( 'NONE', #1746, 7.250000000000006217 ) ;
#1552 = PLANE ( 'NONE',  #1742 ) ;
#1553 = CARTESIAN_POINT ( 'NONE',  ( 145.8140646054754939, -80.00000000002009415, 64.25000000000000000 ) ) ;
#1554 = VERTEX_POINT ( 'NONE', #801 ) ;
#1555 = DIRECTION ( 'NONE',  ( -1.000000000000000000, 0.000000000000000000, 0.000000000000000000 ) ) ;
#1556 = FACE_BOUND ( 'NONE', #3074, .T. ) ;
#1557 = ORIENTED_EDGE ( 'NONE', *, *, #603, .T. ) ;
#1558 = FACE_OUTER_BOUND ( 'NONE', #1032, .T. ) ;
#1559 = VERTEX_POINT ( 'NONE', #246 ) ;
#1560 = AXIS2_PLACEMENT_3D ( 'NONE', #3255, #2426, #1451 ) ;
#1561 = CARTESIAN_POINT ( 'NONE',  ( 6.749334671800260567E-14, -198.5000000000000000, 40.85623948794981430 ) ) ;
#1562 = ORIENTED_EDGE ( 'NONE', *, *, #2472, .F. ) ;
#1563 = CARTESIAN_POINT ( 'NONE',  ( 198.4999999999915872, -8.450409363421256829E-12, -6.674325055353047628E-16 ) ) ;
#1564 = AXIS2_PLACEMENT_3D ( 'NONE', #2612, #1612, #3137 ) ;
#1565 = LINE ( 'NONE', #2836, #526 ) ;
#1566 = ADVANCED_FACE ( 'NONE', ( #1507 ), #544, .F. ) ;
#1567 = DIRECTION ( 'NONE',  ( -0.000000000000000000, -0.000000000000000000, -1.000000000000000000 ) ) ;
#1568 = VECTOR ( 'NONE', #2034, 1000.000000000000000 ) ;
#1569 = ORIENTED_EDGE ( 'NONE', *, *, #184, .F. ) ;
#1570 = DIRECTION ( 'NONE',  ( -1.000000000000000000, 0.000000000000000000, 0.000000000000000000 ) ) ;
#1571 = DIRECTION ( 'NONE',  ( 0.8571673007021122226, 1.049727191138618696E-16, -0.5150380749100541555 ) ) ;
#1572 = ORIENTED_EDGE ( 'NONE', *, *, #2060, .T. ) ;
#1573 = ORIENTED_EDGE ( 'NONE', *, *, #2306, .T. ) ;
#1574 = DIRECTION ( 'NONE',  ( -1.000000000000000000, 0.000000000000000000, 0.000000000000000000 ) ) ;
#1575 = ORIENTED_EDGE ( 'NONE', *, *, #1770, .T. ) ;
#1576 = CARTESIAN_POINT ( 'NONE',  ( 159.9999999999768932, -2.315316122330659707E-11, 105.1062394879498072 ) ) ;
#1577 = EDGE_LOOP ( 'NONE', ( #2616, #65 ) ) ;
#1578 = CARTESIAN_POINT ( 'NONE',  ( 159.9999999999768932, -2.315316122330659707E-11, 100.7500000000000000 ) ) ;
#1579 = ADVANCED_FACE ( 'NONE', ( #3077 ), #2524, .F. ) ;
#1580 = CIRCLE ( 'NONE', #580, 7.250000000000006217 ) ;
#1581 = CARTESIAN_POINT ( 'NONE',  ( -92.00000000001577405, -171.9060426512068318, -6.674325055353047628E-16 ) ) ;
#1582 = LINE ( 'NONE', #2339, #560 ) ;
#1583 = AXIS2_PLACEMENT_3D ( 'NONE', #1883, #846, #1613 ) ;
#1584 = EDGE_CURVE ( 'NONE', #1347, #1500, #2297, .T. ) ;
#1585 = DIRECTION ( 'NONE',  ( 0.000000000000000000, 0.000000000000000000, -1.000000000000000000 ) ) ;
#1586 = CONICAL_SURFACE ( 'NONE', #2930, 7.249999999999992895, 1.029744258676654090 ) ;
#1587 = DIRECTION ( 'NONE',  ( -1.000000000000000000, 0.000000000000000000, 0.000000000000000000 ) ) ;
#1588 = EDGE_CURVE ( 'NONE', #2075, #1683, #995, .T. ) ;
#1589 = ORIENTED_EDGE ( 'NONE', *, *, #2784, .T. ) ;
#1590 = ORIENTED_EDGE ( 'NONE', *, *, #1647, .F. ) ;
#1591 = CARTESIAN_POINT ( 'NONE',  ( -4.626713374904048374E-11, -160.0000000000000000, 64.25000000000000000 ) ) ;
#1592 = CIRCLE ( 'NONE', #177, 7.249999999999992895 ) ;
#1593 = EDGE_LOOP ( 'NONE', ( #153, #2880, #2686, #491 ) ) ;
#1594 = AXIS2_PLACEMENT_3D ( 'NONE', #2390, #1585, #104 ) ;
#1595 = FACE_OUTER_BOUND ( 'NONE', #2343, .T. ) ;
#1596 = VERTEX_POINT ( 'NONE', #2806 ) ;
#1597 = DIRECTION ( 'NONE',  ( 1.000000000000000000, 0.000000000000000000, 0.000000000000000000 ) ) ;
#1598 = CARTESIAN_POINT ( 'NONE',  ( 205.7499999999915872, -8.449521494491875978E-12, -6.674325055353047628E-16 ) ) ;
#1599 = LINE ( 'NONE', #1871, #1397 ) ;
#1600 = CONICAL_SURFACE ( 'NONE', #597, 7.249999999999978684, 1.029744258676652535 ) ;
#1601 = ADVANCED_FACE ( 'NONE', ( #2790 ), #2541, .F. ) ;
#1602 = EDGE_LOOP ( 'NONE', ( #1283, #2828 ) ) ;
#1603 = CARTESIAN_POINT ( 'NONE',  ( -80.00000000000315481, 138.5640646055217076, 105.1062394879498072 ) ) ;
#1604 = DIRECTION ( 'NONE',  ( -0.000000000000000000, -0.000000000000000000, -1.000000000000000000 ) ) ;
#1605 = VERTEX_POINT ( 'NONE', #1542 ) ;
#1606 = ORIENTED_EDGE ( 'NONE', *, *, #268, .T. ) ;
#1607 = ORIENTED_EDGE ( 'NONE', *, *, #825, .T. ) ;
#1608 = DIRECTION ( 'NONE',  ( -0.000000000000000000, -0.000000000000000000, -1.000000000000000000 ) ) ;
#1609 = VERTEX_POINT ( 'NONE', #296 ) ;
#1610 = LINE ( 'NONE', #2114, #1620 ) ;
#1611 = ORIENTED_EDGE ( 'NONE', *, *, #1873, .F. ) ;
#1612 = DIRECTION ( 'NONE',  ( 0.000000000000000000, 0.000000000000000000, 1.000000000000000000 ) ) ;
#1613 = DIRECTION ( 'NONE',  ( -1.000000000000000000, 0.000000000000000000, 0.000000000000000000 ) ) ;
#1614 = AXIS2_PLACEMENT_3D ( 'NONE', #1632, #2588, #606 ) ;
#1615 = DIRECTION ( 'NONE',  ( -1.000000000000000000, 0.000000000000000000, 0.000000000000000000 ) ) ;
#1616 = CIRCLE ( 'NONE', #2630, 145.0000000000000000 ) ;
#1617 = DIRECTION ( 'NONE',  ( -1.000000000000000000, 0.000000000000000000, 0.000000000000000000 ) ) ;
#1618 = CARTESIAN_POINT ( 'NONE',  ( 0.000000000000000000, 160.0000000000000000, 64.25000000000000000 ) ) ;
#1619 = CIRCLE ( 'NONE', #1346, 145.0000000000000000 ) ;
#1620 = VECTOR ( 'NONE', #2316, 1000.000000000000000 ) ;
#1621 = ORIENTED_EDGE ( 'NONE', *, *, #829, .F. ) ;
#1622 = DIRECTION ( 'NONE',  ( -0.000000000000000000, -0.000000000000000000, 1.000000000000000000 ) ) ;
#1623 = ORIENTED_EDGE ( 'NONE', *, *, #1533, .T. ) ;
#1624 = EDGE_CURVE ( 'NONE', #121, #275, #1027, .T. ) ;
#1625 = DIRECTION ( 'NONE',  ( -1.000000000000000000, 0.000000000000000000, 0.000000000000000000 ) ) ;
#1626 = ORIENTED_EDGE ( 'NONE', *, *, #2171, .T. ) ;
#1627 = DIRECTION ( 'NONE',  ( -1.000000000000000000, 0.000000000000000000, 0.000000000000000000 ) ) ;
#1628 = ADVANCED_FACE ( 'NONE', ( #1804 ), #2826, .F. ) ;
#1629 = ORIENTED_EDGE ( 'NONE', *, *, #2838, .T. ) ;
#1630 = APPLICATION_CONTEXT ( 'configuration controlled 3d designs of mechanical parts and assemblies' ) ;
#1631 = DIRECTION ( 'NONE',  ( -0.000000000000000000, -0.000000000000000000, -1.000000000000000000 ) ) ;
#1632 = CARTESIAN_POINT ( 'NONE',  ( 193.1071617607549058, 60.51678663394331892, 26.12500000000000355 ) ) ;
#1633 = EDGE_CURVE ( 'NONE', #1847, #989, #1498, .T. ) ;
#1634 = CARTESIAN_POINT ( 'NONE',  ( 173.4939502518423069, 100.4660949420397884, 39.66009111125557496 ) ) ;
#1635 = CARTESIAN_POINT ( 'NONE',  ( 0.000000000000000000, 198.5000000000000000, 36.50000000000000000 ) ) ;
#1636 = CIRCLE ( 'NONE', #2070, 7.250000000000006217 ) ;
#1637 = VERTEX_POINT ( 'NONE', #1384 ) ;
#1638 = CARTESIAN_POINT ( 'NONE',  ( 199.1593598043430404, 7.219954615389439390, 126.1249999999999858 ) ) ;
#1639 = CIRCLE ( 'NONE', #1213, 145.0000000000000000 ) ;
#1640 = VECTOR ( 'NONE', #3031, 1000.000000000000000 ) ;
#1641 = DIRECTION ( 'NONE',  ( -0.000000000000000000, -0.000000000000000000, -1.000000000000000000 ) ) ;
#1642 = ORIENTED_EDGE ( 'NONE', *, *, #1833, .F. ) ;
#1643 = ADVANCED_FACE ( 'NONE', ( #1363 ), #379, .F. ) ;
#1644 = ORIENTED_EDGE ( 'NONE', *, *, #3021, .T. ) ;
#1645 = CARTESIAN_POINT ( 'NONE',  ( -160.0000000000231353, 2.313356687452024187E-11, 100.7500000000000000 ) ) ;
#1646 = ORIENTED_EDGE ( 'NONE', *, *, #2875, .F. ) ;
#1647 = EDGE_CURVE ( 'NONE', #2742, #125, #1551, .T. ) ;
#1648 = CONICAL_SURFACE ( 'NONE', #3089, 7.250000000000006217, 1.029744258676655866 ) ;
#1649 = DIRECTION ( 'NONE',  ( -0.000000000000000000, -0.000000000000000000, -1.000000000000000000 ) ) ;
#1650 = FACE_OUTER_BOUND ( 'NONE', #1230, .T. ) ;
#1651 = CARTESIAN_POINT ( 'NONE',  ( 91.99999999999897682, 171.9060426512068318, -6.674325055353047628E-16 ) ) ;
#1652 = CARTESIAN_POINT ( 'NONE',  ( 0.000000000000000000, 0.000000000000000000, 10.00000000000000000 ) ) ;
#1653 = AXIS2_PLACEMENT_3D ( 'NONE', #2555, #2279, #6 ) ;
#1654 = DIRECTION ( 'NONE',  ( -0.000000000000000000, -0.000000000000000000, -1.000000000000000000 ) ) ;
#1655 = CARTESIAN_POINT ( 'NONE',  ( -1.685220024891636166E-11, -198.5000000000000000, 36.50000000000000000 ) ) ;
#1656 = VERTEX_POINT ( 'NONE', #373 ) ;
#1657 = CARTESIAN_POINT ( 'NONE',  ( 185.9999999999999716, 2.277843046414076596E-14, 10.00000000000000000 ) ) ;
#1658 = DIRECTION ( 'NONE',  ( -1.000000000000000000, 0.000000000000000000, 0.000000000000000000 ) ) ;
#1659 = ORIENTED_EDGE ( 'NONE', *, *, #519, .T. ) ;
#1660 = ORIENTED_EDGE ( 'NONE', *, *, #1382, .F. ) ;
#1661 = CARTESIAN_POINT ( 'NONE',  ( 138.5640646054986860, 79.99999999997986322, 64.25000000000000000 ) ) ;
#1662 = EDGE_CURVE ( 'NONE', #2489, #2295, #2923, .T. ) ;
#1663 = ORIENTED_EDGE ( 'NONE', *, *, #3221, .T. ) ;
#1664 = DIRECTION ( 'NONE',  ( -1.000000000000000000, 0.000000000000000000, 0.000000000000000000 ) ) ;
#1665 = FACE_OUTER_BOUND ( 'NONE', #315, .T. ) ;
#1666 = EDGE_CURVE ( 'NONE', #998, #562, #2281, .T. ) ;
#1667 = VERTEX_POINT ( 'NONE', #1874 ) ;
#1668 = AXIS2_PLACEMENT_3D ( 'NONE', #352, #370, #103 ) ;
#1669 = EDGE_CURVE ( 'NONE', #2943, #1892, #624, .T. ) ;
#1670 = CARTESIAN_POINT ( 'NONE',  ( -99.25000000001577405, -171.9060426512068318, 36.50000000000000000 ) ) ;
#1671 = DIRECTION ( 'NONE',  ( -0.000000000000000000, -0.000000000000000000, -1.000000000000000000 ) ) ;
#1672 = CIRCLE ( 'NONE', #256, 7.249999999999978684 ) ;
#1673 = DIRECTION ( 'NONE',  ( -1.000000000000000000, 0.000000000000000000, 0.000000000000000000 ) ) ;
#1674 = CIRCLE ( 'NONE', #3115, 7.249999999999978684 ) ;
#1675 = CARTESIAN_POINT ( 'NONE',  ( 99.24999999998425437, -171.9060426512153299, -6.674325055353047628E-16 ) ) ;
#1676 = DIRECTION ( 'NONE',  ( -1.000000000000000000, 0.000000000000000000, 0.000000000000000000 ) ) ;
#1677 = EDGE_CURVE ( 'NONE', #1045, #125, #1842, .T. ) ;
#1678 = VECTOR ( 'NONE', #2815, 1000.000000000000000 ) ;
#1679 = LINE ( 'NONE', #1138, #1938 ) ;
#1680 = EDGE_LOOP ( 'NONE', ( #2970, #1698, #2857 ) ) ;
#1681 = CONICAL_SURFACE ( 'NONE', #2525, 7.249999999999978684, 1.029744258676653423 ) ;
#1682 = CARTESIAN_POINT ( 'NONE',  ( -1.685220024891636166E-11, -198.5000000000000000, 26.12499999999997513 ) ) ;
#1683 = VERTEX_POINT ( 'NONE', #579 ) ;
#1684 = CARTESIAN_POINT ( 'NONE',  ( -138.5640646055448997, -79.99999999997994848, 105.1062394879498072 ) ) ;
#1685 = FACE_BOUND ( 'NONE', #2618, .T. ) ;
#1686 = FACE_BOUND ( 'NONE', #2325, .T. ) ;
#1687 = CARTESIAN_POINT ( 'NONE',  ( -7.249999999999995559, 160.0000000000000000, 100.7500000000000000 ) ) ;
#1688 = ADVANCED_FACE ( 'NONE', ( #2861 ), #169, .F. ) ;
#1689 = CYLINDRICAL_SURFACE ( 'NONE', #1728, 7.249999999999992895 ) ;
#1690 = AXIS2_PLACEMENT_3D ( 'NONE', #2800, #2054, #1768 ) ;
#1691 = DIRECTION ( 'NONE',  ( -0.000000000000000000, -0.000000000000000000, -1.000000000000000000 ) ) ;
#1692 = EDGE_CURVE ( 'NONE', #337, #127, #392, .T. ) ;
#1693 = CARTESIAN_POINT ( 'NONE',  ( 0.000000000000000000, 0.000000000000000000, 0.000000000000000000 ) ) ;
#1694 = CYLINDRICAL_SURFACE ( 'NONE', #2692, 7.249999999999978684 ) ;
#1695 = ORIENTED_EDGE ( 'NONE', *, *, #2708, .T. ) ;
#1696 = VECTOR ( 'NONE', #2331, 1000.000000000000000 ) ;
#1697 = CARTESIAN_POINT ( 'NONE',  ( 174.6950644036539586, 98.85754685593450120, 39.18042615129314754 ) ) ;
#1698 = ORIENTED_EDGE ( 'NONE', *, *, #2407, .T. ) ;
#1699 = DIRECTION ( 'NONE',  ( -0.000000000000000000, -0.000000000000000000, -1.000000000000000000 ) ) ;
#1700 = DIRECTION ( 'NONE',  ( 0.000000000000000000, 0.000000000000000000, 1.000000000000000000 ) ) ;
#1701 = ORIENTED_EDGE ( 'NONE', *, *, #2001, .T. ) ;
#1702 = ORIENTED_EDGE ( 'NONE', *, *, #2562, .F. ) ;
#1703 = DIRECTION ( 'NONE',  ( -1.000000000000000000, 0.000000000000000000, 0.000000000000000000 ) ) ;
#1704 = CARTESIAN_POINT ( 'NONE',  ( 6.682744502096623488E-14, -205.7500000000000000, 36.50000000000000000 ) ) ;
#1705 = FACE_OUTER_BOUND ( 'NONE', #2196, .T. ) ;
#1706 = CARTESIAN_POINT ( 'NONE',  ( 199.3923808271991049, -8.448103328007050550E-12, 40.32004299170555583 ) ) ;
#1707 = DIRECTION ( 'NONE',  ( -0.000000000000000000, -0.000000000000000000, -1.000000000000000000 ) ) ;
#1708 =( NAMED_UNIT ( * ) PLANE_ANGLE_UNIT ( ) SI_UNIT ( $, .RADIAN. ) );
#1709 = EDGE_LOOP ( 'NONE', ( #2242, #1065, #3199 ) ) ;
#1710 = CARTESIAN_POINT ( 'NONE',  ( 199.2020946598875923, 6.044675127286851080, 37.20091733146956159 ) ) ;
#1711 = AXIS2_PLACEMENT_3D ( 'NONE', #1440, #1707, #2244 ) ;
#1712 = FACE_OUTER_BOUND ( 'NONE', #1680, .T. ) ;
#1713 = EDGE_LOOP ( 'NONE', ( #2834, #2646 ) ) ;
#1714 = CARTESIAN_POINT ( 'NONE',  ( -167.2500000000231353, 2.313356687452024187E-11, 100.7500000000000000 ) ) ;
#1715 = DIRECTION ( 'NONE',  ( -0.000000000000000000, -0.000000000000000000, -1.000000000000000000 ) ) ;
#1716 = DIRECTION ( 'NONE',  ( -0.000000000000000000, -0.000000000000000000, -1.000000000000000000 ) ) ;
#1717 = DIRECTION ( 'NONE',  ( 1.000000000000000000, 0.000000000000000000, 0.000000000000000000 ) ) ;
#1718 = VECTOR ( 'NONE', #1293, 1000.000000000000000 ) ;
#1719 = LINE ( 'NONE', #3225, #3275 ) ;
#1720 = CARTESIAN_POINT ( 'NONE',  ( 164.6560426512069455, 99.24999999999258193, 36.50000000000000000 ) ) ;
#1721 = DIRECTION ( 'NONE',  ( 0.000000000000000000, 0.000000000000000000, -1.000000000000000000 ) ) ;
#1722 = AXIS2_PLACEMENT_3D ( 'NONE', #754, #3273, #1006 ) ;
#1723 = EDGE_CURVE ( 'NONE', #3274, #1929, #74, .T. ) ;
#1724 = AXIS2_PLACEMENT_3D ( 'NONE', #2754, #481, #3252 ) ;
#1725 = DATE_AND_TIME ( #3246, #101 ) ;
#1726 = VERTEX_POINT ( 'NONE', #2635 ) ;
#1727 = LINE ( 'NONE', #2479, #3166 ) ;
#1728 = AXIS2_PLACEMENT_3D ( 'NONE', #924, #3206, #424 ) ;
#1729 = EDGE_CURVE ( 'NONE', #2381, #2636, #1345, .T. ) ;
#1730 = DIRECTION ( 'NONE',  ( -1.000000000000000000, 0.000000000000000000, 0.000000000000000000 ) ) ;
#1731 = VECTOR ( 'NONE', #318, 1000.000000000000000 ) ;
#1732 = ORIENTED_EDGE ( 'NONE', *, *, #2176, .F. ) ;
#1733 = LINE ( 'NONE', #2594, #1696 ) ;
#1734 = ADVANCED_FACE ( 'NONE', ( #3143 ), #1330, .F. ) ;
#1735 = DIRECTION ( 'NONE',  ( -0.000000000000000000, -0.000000000000000000, -1.000000000000000000 ) ) ;
#1736 = DIRECTION ( 'NONE',  ( -0.8571673007021117785, 0.000000000000000000, -0.5150380749100550437 ) ) ;
#1737 = LINE ( 'NONE', #1885, #764 ) ;
#1738 = EDGE_CURVE ( 'NONE', #703, #680, #2108, .T. ) ;
#1739 = EDGE_LOOP ( 'NONE', ( #496, #254, #2400, #3277 ) ) ;
#1740 = DIRECTION ( 'NONE',  ( -0.000000000000000000, -0.000000000000000000, -1.000000000000000000 ) ) ;
#1741 = CARTESIAN_POINT ( 'NONE',  ( -171.9060426512237427, -99.24999999999269562, -6.674325055353047628E-16 ) ) ;
#1742 = AXIS2_PLACEMENT_3D ( 'NONE', #1053, #3105, #795 ) ;
#1743 = DATE_AND_TIME ( #1774, #2048 ) ;
#1744 = ORIENTED_EDGE ( 'NONE', *, *, #2461, .T. ) ;
#1745 = DIRECTION ( 'NONE',  ( -1.000000000000000000, 0.000000000000000000, 0.000000000000000000 ) ) ;
#1746 = AXIS2_PLACEMENT_3D ( 'NONE', #2138, #1130, #1587 ) ;
#1747 = EDGE_CURVE ( 'NONE', #817, #499, #3128, .T. ) ;
#1748 = CARTESIAN_POINT ( 'NONE',  ( -205.7500000000083844, 8.426100124458180830E-12, 0.000000000000000000 ) ) ;
#1749 = ORIENTED_EDGE ( 'NONE', *, *, #2812, .F. ) ;
#1750 = LINE ( 'NONE', #1532, #659 ) ;
#1751 = ORIENTED_EDGE ( 'NONE', *, *, #2683, .F. ) ;
#1752 = AXIS2_PLACEMENT_3D ( 'NONE', #1998, #529, #2506 ) ;
#1753 = DIRECTION ( 'NONE',  ( 1.000000000000000000, 0.000000000000000000, 0.000000000000000000 ) ) ;
#1754 = CARTESIAN_POINT ( 'NONE',  ( -96.85529000098252084, -167.7149033330057932, 37.96867103848122582 ) ) ;
#1755 = AXIS2_PLACEMENT_3D ( 'NONE', #2355, #2374, #1855 ) ;
#1756 = ADVANCED_FACE ( 'NONE', ( #608 ), #556, .F. ) ;
#1757 = ORIENTED_EDGE ( 'NONE', *, *, #882, .F. ) ;
#1758 = DIRECTION ( 'NONE',  ( -1.000000000000000000, 0.000000000000000000, -0.000000000000000000 ) ) ;
#1759 = EDGE_LOOP ( 'NONE', ( #2348, #2679, #293, #3203 ) ) ;
#1760 = DIRECTION ( 'NONE',  ( -0.000000000000000000, -0.000000000000000000, -1.000000000000000000 ) ) ;
#1761 = APPLICATION_PROTOCOL_DEFINITION ( 'international standard', 'config_control_design', 1994, #1630 ) ;
#1762 = ORIENTED_EDGE ( 'NONE', *, *, #1062, .T. ) ;
#1763 = ORIENTED_EDGE ( 'NONE', *, *, #696, .F. ) ;
#1764 = CARTESIAN_POINT ( 'NONE',  ( -72.75000000004321521, -138.5640646054986007, 100.7500000000000000 ) ) ;
#1765 = ORIENTED_EDGE ( 'NONE', *, *, #1549, .F. ) ;
#1766 = FACE_OUTER_BOUND ( 'NONE', #2419, .T. ) ;
#1767 = EDGE_CURVE ( 'NONE', #2495, #581, #1455, .T. ) ;
#1768 = DIRECTION ( 'NONE',  ( -1.000000000000000000, 0.000000000000000000, 0.000000000000000000 ) ) ;
#1769 = CARTESIAN_POINT ( 'NONE',  ( 169.1489316820962188, 105.9552844444585133, 39.73853444929279277 ) ) ;
#1770 = EDGE_CURVE ( 'NONE', #1361, #2003, #462, .T. ) ;
#1771 = ORIENTED_EDGE ( 'NONE', *, *, #2690, .T. ) ;
#1772 = CARTESIAN_POINT ( 'NONE',  ( 79.99999999999697309, 138.5640646054985723, 64.25000000000000000 ) ) ;
#1773 = PLANE ( 'NONE',  #3259 ) ;
#1774 = CALENDAR_DATE ( 2026, 19, 4 ) ;
#1775 = AXIS2_PLACEMENT_3D ( 'NONE', #1489, #1036, #738 ) ;
#1776 = ORIENTED_EDGE ( 'NONE', *, *, #535, .F. ) ;
#1777 = EDGE_CURVE ( 'NONE', #3136, #3182, #1888, .T. ) ;
#1778 = VECTOR ( 'NONE', #2318, 1000.000000000000000 ) ;
#1779 = LINE ( 'NONE', #3102, #1678 ) ;
#1780 = VERTEX_POINT ( 'NONE', #653 ) ;
#1781 = AXIS2_PLACEMENT_3D ( 'NONE', #2020, #877, #3240 ) ;
#1782 = DIRECTION ( 'NONE',  ( -1.000000000000000000, 0.000000000000000000, 0.000000000000000000 ) ) ;
#1783 = VECTOR ( 'NONE', #792, 1000.000000000000000 ) ;
#1784 = CARTESIAN_POINT ( 'NONE',  ( -185.9999999999999716, 0.000000000000000000, 10.00000000000000000 ) ) ;
#1785 = DIRECTION ( 'NONE',  ( -1.000000000000000000, 0.000000000000000000, 0.000000000000000000 ) ) ;
#1786 = ORIENTED_EDGE ( 'NONE', *, *, #136, .T. ) ;
#1787 = EDGE_CURVE ( 'NONE', #387, #121, #1995, .T. ) ;
#1788 = DIRECTION ( 'NONE',  ( -1.000000000000000000, 0.000000000000000000, 0.000000000000000000 ) ) ;
#1789 = FACE_BOUND ( 'NONE', #3178, .T. ) ;
#1790 = EDGE_CURVE ( 'NONE', #59, #346, #1463, .T. ) ;
#1791 = EDGE_CURVE ( 'NONE', #917, #2570, #2170, .T. ) ;
#1792 = ORIENTED_EDGE ( 'NONE', *, *, #2214, .F. ) ;
#1793 = ORIENTED_EDGE ( 'NONE', *, *, #2023, .T. ) ;
#1794 = DIRECTION ( 'NONE',  ( -0.000000000000000000, -0.000000000000000000, -1.000000000000000000 ) ) ;
#1795 = AXIS2_PLACEMENT_3D ( 'NONE', #778, #222, #1021 ) ;
#1796 = DIRECTION ( 'NONE',  ( 0.8571673007021117785, 1.049727191138617956E-16, -0.5150380749100550437 ) ) ;
#1797 = ORIENTED_EDGE ( 'NONE', *, *, #855, .T. ) ;
#1798 = DIRECTION ( 'NONE',  ( -1.000000000000000000, 0.000000000000000000, 0.000000000000000000 ) ) ;
#1799 = CARTESIAN_POINT ( 'NONE',  ( 87.24999999999697309, 138.5640646054985723, 100.7500000000000000 ) ) ;
#1800 = AXIS2_PLACEMENT_3D ( 'NONE', #1936, #1164, #3204 ) ;
#1801 = LINE ( 'NONE', #1553, #1718 ) ;
#1802 = ORIENTED_EDGE ( 'NONE', *, *, #1738, .F. ) ;
#1803 = FACE_BOUND ( 'NONE', #1163, .T. ) ;
#1804 = FACE_OUTER_BOUND ( 'NONE', #3114, .T. ) ;
#1805 = VECTOR ( 'NONE', #2523, 1000.000000000000000 ) ;
#1806 = EDGE_CURVE ( 'NONE', #30, #2246, #2691, .T. ) ;
#1807 = ORIENTED_EDGE ( 'NONE', *, *, #321, .T. ) ;
#1808 = EDGE_LOOP ( 'NONE', ( #2561, #629, #856 ) ) ;
#1809 = CARTESIAN_POINT ( 'NONE',  ( 198.4999999999915872, -8.450409363421256829E-12, -6.674325055353047628E-16 ) ) ;
#1810 = ORIENTED_EDGE ( 'NONE', *, *, #2748, .T. ) ;
#1811 = EDGE_CURVE ( 'NONE', #121, #2075, #1019, .T. ) ;
#1812 = FACE_OUTER_BOUND ( 'NONE', #1322, .T. ) ;
#1813 = EDGE_LOOP ( 'NONE', ( #1280, #3211, #2750 ) ) ;
#1814 = CARTESIAN_POINT ( 'NONE',  ( 131.3140646054754939, -80.00000000002009415, 100.7500000000000000 ) ) ;
#1815 = DIRECTION ( 'NONE',  ( -0.000000000000000000, -0.000000000000000000, -1.000000000000000000 ) ) ;
#1816 = DIRECTION ( 'NONE',  ( 0.8571673007021128887, 1.049727191138619312E-16, -0.5150380749100530453 ) ) ;
#1817 = VERTEX_POINT ( 'NONE', #190 ) ;
#1818 = EDGE_LOOP ( 'NONE', ( #503, #631, #1457, #173 ) ) ;
#1819 = EDGE_LOOP ( 'NONE', ( #3132, #2542, #2209 ) ) ;
#1820 = CARTESIAN_POINT ( 'NONE',  ( 172.1321763311453878, 102.2392589685813533, 39.06193282335675576 ) ) ;
#1821 = DIRECTION ( 'NONE',  ( -1.000000000000000000, 0.000000000000000000, 0.000000000000000000 ) ) ;
#1822 = ORIENTED_EDGE ( 'NONE', *, *, #1314, .F. ) ;
#1823 = ADVANCED_FACE ( 'NONE', ( #1920 ), #810, .F. ) ;
#1824 = DIRECTION ( 'NONE',  ( -1.000000000000000000, 0.000000000000000000, 0.000000000000000000 ) ) ;
#1825 = AXIS2_PLACEMENT_3D ( 'NONE', #323, #1567, #622 ) ;
#1826 = DIRECTION ( 'NONE',  ( -1.000000000000000000, 0.000000000000000000, 0.000000000000000000 ) ) ;
#1827 = VERTEX_POINT ( 'NONE', #954 ) ;
#1828 = EDGE_CURVE ( 'NONE', #277, #3126, #1471, .T. ) ;
#1829 = DIRECTION ( 'NONE',  ( -1.000000000000000000, 0.000000000000000000, 0.000000000000000000 ) ) ;
#1830 = VECTOR ( 'NONE', #402, 1000.000000000000000 ) ;
#1831 = ADVANCED_FACE ( 'NONE', ( #156 ), #2204, .F. ) ;
#1832 = AXIS2_PLACEMENT_3D ( 'NONE', #1085, #845, #1867 ) ;
#1833 = EDGE_CURVE ( 'NONE', #747, #3009, #436, .T. ) ;
#1834 = CARTESIAN_POINT ( 'NONE',  ( 138.5640646054986860, 79.99999999997986322, 100.7500000000000000 ) ) ;
#1835 = CARTESIAN_POINT ( 'NONE',  ( 199.3253060691155838, 2.656156782694784280, 26.12500000000000355 ) ) ;
#1836 = CIRCLE ( 'NONE', #3014, 180.9999999999999716 ) ;
#1837 = ORIENTED_EDGE ( 'NONE', *, *, #268, .F. ) ;
#1838 = ADVANCED_FACE ( 'NONE', ( #2997 ), #3205, .F. ) ;
#1839 = APPROVAL_PERSON_ORGANIZATION ( #979, #198, #1985 ) ;
#1840 = CARTESIAN_POINT ( 'NONE',  ( 170.8505206822733555, 103.8635681647546249, 38.01687431482753965 ) ) ;
#1841 = ORIENTED_EDGE ( 'NONE', *, *, #2342, .F. ) ;
#1842 = LINE ( 'NONE', #1075, #2068 ) ;
#1843 = ORIENTED_EDGE ( 'NONE', *, *, #831, .F. ) ;
#1844 = ORIENTED_EDGE ( 'NONE', *, *, #887, .T. ) ;
#1845 = DIRECTION ( 'NONE',  ( -0.000000000000000000, -0.000000000000000000, -1.000000000000000000 ) ) ;
#1846 = DIRECTION ( 'NONE',  ( -0.8571673007021117785, 0.000000000000000000, -0.5150380749100550437 ) ) ;
#1847 = VERTEX_POINT ( 'NONE', #406 ) ;
#1848 = CYLINDRICAL_SURFACE ( 'NONE', #1564, 145.0000000000000000 ) ;
#1849 = EDGE_CURVE ( 'NONE', #2062, #2450, #2418, .T. ) ;
#1850 = CONICAL_SURFACE ( 'NONE', #777, 7.249999999999995559, 1.029744258676654534 ) ;
#1851 = CC_DESIGN_PERSON_AND_ORGANIZATION_ASSIGNMENT ( #3034, #2282, ( #936 ) ) ;
#1852 = DIRECTION ( 'NONE',  ( -1.000000000000000000, 0.000000000000000000, 0.000000000000000000 ) ) ;
#1853 = FACE_OUTER_BOUND ( 'NONE', #2556, .T. ) ;
#1854 = AXIS2_PLACEMENT_3D ( 'NONE', #1047, #282, #2347 ) ;
#1855 = DIRECTION ( 'NONE',  ( -1.000000000000000000, 0.000000000000000000, 0.000000000000000000 ) ) ;
#1856 = EDGE_LOOP ( 'NONE', ( #2611, #1701, #1607, #1083 ) ) ;
#1857 = VECTOR ( 'NONE', #410, 1000.000000000000114 ) ;
#1858 = CARTESIAN_POINT ( 'NONE',  ( -80.00000000000314060, 138.5640646055217076, 100.7500000000000000 ) ) ;
#1859 = EDGE_LOOP ( 'NONE', ( #799, #1621, #1623, #1915 ) ) ;
#1860 = EDGE_LOOP ( 'NONE', ( #294, #3185, #2758, #1188 ) ) ;
#1861 = VERTEX_POINT ( 'NONE', #1937 ) ;
#1862 = LINE ( 'NONE', #2360, #992 ) ;
#1863 = VERTEX_POINT ( 'NONE', #1687 ) ;
#1864 = DIRECTION ( 'NONE',  ( -7.872953933539645456E-17, -0.8571673007021116675, -0.5150380749100552658 ) ) ;
#1865 = ORIENTED_EDGE ( 'NONE', *, *, #1084, .T. ) ;
#1866 = ORIENTED_EDGE ( 'NONE', *, *, #2683, .T. ) ;
#1867 = DIRECTION ( 'NONE',  ( -1.000000000000000000, 0.000000000000000000, 0.000000000000000000 ) ) ;
#1868 = ADVANCED_BREP_SHAPE_REPRESENTATION ( 'Backup_House1', ( #1955, #669 ), #2205 ) ;
#1869 = LINE ( 'NONE', #605, #2490 ) ;
#1870 = ADVANCED_FACE ( 'NONE', ( #3223 ), #2960, .F. ) ;
#1871 = CARTESIAN_POINT ( 'NONE',  ( 167.2499999999768932, -2.315227335437721137E-11, 64.25000000000000000 ) ) ;
#1872 = FACE_OUTER_BOUND ( 'NONE', #445, .T. ) ;
#1873 = EDGE_CURVE ( 'NONE', #747, #1347, #1934, .T. ) ;
#1874 = CARTESIAN_POINT ( 'NONE',  ( 7.249999999999989342, 198.5000000000000000, -6.674325055353047628E-16 ) ) ;
#1875 = CIRCLE ( 'NONE', #1711, 7.249999999999978684 ) ;
#1876 = EDGE_CURVE ( 'NONE', #2416, #2917, #2786, .T. ) ;
#1877 = ORIENTED_EDGE ( 'NONE', *, *, #983, .T. ) ;
#1878 = DIRECTION ( 'NONE',  ( -1.000000000000000000, 0.000000000000000000, 0.000000000000000000 ) ) ;
#1879 = FACE_OUTER_BOUND ( 'NONE', #2466, .T. ) ;
#1880 = VERTEX_POINT ( 'NONE', #1704 ) ;
#1881 = EDGE_CURVE ( 'NONE', #2636, #3192, #308, .T. ) ;
#1882 = DIRECTION ( 'NONE',  ( -1.000000000000000000, 0.000000000000000000, 0.000000000000000000 ) ) ;
#1883 = CARTESIAN_POINT ( 'NONE',  ( -80.00000000004320100, -138.5640646054986007, 100.7500000000000000 ) ) ;
#1884 = AXIS2_PLACEMENT_3D ( 'NONE', #341, #2614, #1615 ) ;
#1885 = CARTESIAN_POINT ( 'NONE',  ( 145.8140646054754939, -80.00000000002009415, 100.7500000000000000 ) ) ;
#1886 = AXIS2_PLACEMENT_3D ( 'NONE', #2217, #1715, #873 ) ;
#1887 = CARTESIAN_POINT ( 'NONE',  ( -7.250000000046263438, -160.0000000000000000, 64.25000000000000000 ) ) ;
#1888 = LINE ( 'NONE', #939, #2685 ) ;
#1889 = VECTOR ( 'NONE', #1907, 1000.000000000000000 ) ;
#1890 = ADVANCED_FACE ( 'NONE', ( #2443 ), #2220, .T. ) ;
#1891 = CIRCLE ( 'NONE', #726, 7.249999999999992895 ) ;
#1892 = VERTEX_POINT ( 'NONE', #2040 ) ;
#1893 = EDGE_CURVE ( 'NONE', #3039, #2732, #2147, .T. ) ;
#1894 = DIRECTION ( 'NONE',  ( -1.000000000000000000, 0.000000000000000000, 0.000000000000000000 ) ) ;
#1895 = CARTESIAN_POINT ( 'NONE',  ( -198.5000000000084128, 8.426100124458180830E-12, 36.50000000000000000 ) ) ;
#1896 = EDGE_LOOP ( 'NONE', ( #2641, #1338, #3208, #2900 ) ) ;
#1897 = ORIENTED_EDGE ( 'NONE', *, *, #517, .T. ) ;
#1898 = CARTESIAN_POINT ( 'NONE',  ( 171.9060426512069171, 99.24999999999258193, 36.50000000000000000 ) ) ;
#1899 = UNCERTAINTY_MEASURE_WITH_UNIT (LENGTH_MEASURE( 1.000000000000000082E-05 ), #945, 'distance_accuracy_value', 'NONE');
#1900 = ORIENTED_EDGE ( 'NONE', *, *, #242, .F. ) ;
#1901 = DIRECTION ( 'NONE',  ( -1.000000000000000000, 0.000000000000000000, 0.000000000000000000 ) ) ;
#1902 = DIRECTION ( 'NONE',  ( -1.000000000000000000, 0.000000000000000000, 0.000000000000000000 ) ) ;
#1903 = AXIS2_PLACEMENT_3D ( 'NONE', #990, #2025, #3043 ) ;
#1904 = DIRECTION ( 'NONE',  ( -0.000000000000000000, -0.000000000000000000, -1.000000000000000000 ) ) ;
#1905 = DIRECTION ( 'NONE',  ( -1.000000000000000000, 0.000000000000000000, 0.000000000000000000 ) ) ;
#1906 = AXIS2_PLACEMENT_3D ( 'NONE', #2118, #84, #1852 ) ;
#1907 = DIRECTION ( 'NONE',  ( 0.8571673007021117785, 1.049727191138617956E-16, -0.5150380749100550437 ) ) ;
#1908 = DIRECTION ( 'NONE',  ( -0.000000000000000000, -0.000000000000000000, -1.000000000000000000 ) ) ;
#1909 = DIRECTION ( 'NONE',  ( -0.000000000000000000, -0.000000000000000000, -1.000000000000000000 ) ) ;
#1910 = VECTOR ( 'NONE', #2947, 1000.000000000000000 ) ;
#1911 = CYLINDRICAL_SURFACE ( 'NONE', #823, 7.249999999999978684 ) ;
#1912 = ORIENTED_EDGE ( 'NONE', *, *, #1332, .F. ) ;
#1913 = ORIENTED_EDGE ( 'NONE', *, *, #981, .F. ) ;
#1914 = DIRECTION ( 'NONE',  ( 0.000000000000000000, 0.000000000000000000, 1.000000000000000000 ) ) ;
#1915 = ORIENTED_EDGE ( 'NONE', *, *, #1490, .T. ) ;
#1916 = CARTESIAN_POINT ( 'NONE',  ( -179.1560426512237427, -99.24999999999269562, 36.50000000000000000 ) ) ;
#1917 = LINE ( 'NONE', #2468, #355 ) ;
#1918 = ORIENTED_EDGE ( 'NONE', *, *, #1090, .T. ) ;
#1919 = CARTESIAN_POINT ( 'NONE',  ( -145.0000000000000000, 1.775737858763661857E-14, 64.25000000000000000 ) ) ;
#1920 = FACE_OUTER_BOUND ( 'NONE', #2823, .T. ) ;
#1921 = ADVANCED_FACE ( 'NONE', ( #483 ), #252, .F. ) ;
#1922 = DIRECTION ( 'NONE',  ( -1.000000000000000000, 0.000000000000000000, 0.000000000000000000 ) ) ;
#1923 = CARTESIAN_POINT ( 'NONE',  ( 199.4367120032549394, -1.586533124410422824, 39.75181835386320728 ) ) ;
#1924 = CARTESIAN_POINT ( 'NONE',  ( -2.709310429043954471, -199.0968965236521058, 39.19477476941104044 ) ) ;
#1925 = FACE_OUTER_BOUND ( 'NONE', #2860, .T. ) ;
#1926 = ORIENTED_EDGE ( 'NONE', *, *, #2748, .F. ) ;
#1927 = VERTEX_POINT ( 'NONE', #243 ) ;
#1928 = DIRECTION ( 'NONE',  ( -1.000000000000000000, 0.000000000000000000, 0.000000000000000000 ) ) ;
#1929 = VERTEX_POINT ( 'NONE', #2538 ) ;
#1930 = CARTESIAN_POINT ( 'NONE',  ( 145.8140646054986860, 79.99999999997986322, 64.25000000000000000 ) ) ;
#1931 = EDGE_CURVE ( 'NONE', #1927, #1726, #714, .T. ) ;
#1932 = FACE_BOUND ( 'NONE', #2110, .T. ) ;
#1933 = ORIENTED_EDGE ( 'NONE', *, *, #999, .T. ) ;
#1934 = CIRCLE ( 'NONE', #142, 185.9999999999999716 ) ;
#1935 = ORIENTED_EDGE ( 'NONE', *, *, #2079, .T. ) ;
#1936 = CARTESIAN_POINT ( 'NONE',  ( 138.5640646054986860, 79.99999999997986322, 100.7500000000000000 ) ) ;
#1937 = CARTESIAN_POINT ( 'NONE',  ( 6.682744502096623488E-14, -205.7500000000000000, 26.12499999999997513 ) ) ;
#1938 = VECTOR ( 'NONE', #427, 1000.000000000000000 ) ;
#1939 = CIRCLE ( 'NONE', #814, 7.249999999999992895 ) ;
#1940 = DIRECTION ( 'NONE',  ( -1.000000000000000000, 0.000000000000000000, 0.000000000000000000 ) ) ;
#1941 = AXIS2_PLACEMENT_3D ( 'NONE', #438, #2428, #2726 ) ;
#1942 = CARTESIAN_POINT ( 'NONE',  ( 211.0000000000000284, 2.584004746200915413E-14, 152.2500000000000000 ) ) ;
#1943 = CARTESIAN_POINT ( 'NONE',  ( 171.9060426511984190, -99.25000000000737543, 36.50000000000000000 ) ) ;
#1944 = VECTOR ( 'NONE', #984, 1000.000000000000000 ) ;
#1945 = CARTESIAN_POINT ( 'NONE',  ( -164.6560426512153015, 99.25000000000731859, -6.674325055353047628E-16 ) ) ;
#1946 = EDGE_LOOP ( 'NONE', ( #1660, #2983, #946, #1626 ) ) ;
#1947 = CC_DESIGN_APPROVAL ( #978, ( #1081 ) ) ;
#1948 = FACE_OUTER_BOUND ( 'NONE', #281, .T. ) ;
#1949 = EDGE_LOOP ( 'NONE', ( #1218, #2115, #1572 ) ) ;
#1950 = DIRECTION ( 'NONE',  ( -0.000000000000000000, -0.000000000000000000, -1.000000000000000000 ) ) ;
#1951 = DIRECTION ( 'NONE',  ( -1.000000000000000000, 0.000000000000000000, 0.000000000000000000 ) ) ;
#1952 = EDGE_CURVE ( 'NONE', #2547, #581, #1248, .T. ) ;
#1953 = EDGE_CURVE ( 'NONE', #1975, #387, #767, .T. ) ;
#1954 = ORIENTED_EDGE ( 'NONE', *, *, #2285, .T. ) ;
#1955 = MANIFOLD_SOLID_BREP ( 'Stock-Base-1', #2651 ) ;
#1956 = CYLINDRICAL_SURFACE ( 'NONE', #2807, 7.249999999999985789 ) ;
#1957 = DIRECTION ( 'NONE',  ( -1.000000000000000000, 0.000000000000000000, 0.000000000000000000 ) ) ;
#1958 = EDGE_CURVE ( 'NONE', #275, #1975, #1970, .T. ) ;
#1959 = DIRECTION ( 'NONE',  ( -0.000000000000000000, -0.000000000000000000, -1.000000000000000000 ) ) ;
#1960 = VECTOR ( 'NONE', #2071, 1000.000000000000000 ) ;
#1961 = FACE_OUTER_BOUND ( 'NONE', #2803, .T. ) ;
#1962 = VERTEX_POINT ( 'NONE', #292 ) ;
#1963 = FACE_OUTER_BOUND ( 'NONE', #874, .T. ) ;
#1964 = APPROVAL_STATUS ( 'not_yet_approved' ) ;
#1965 = ORIENTED_EDGE ( 'NONE', *, *, #321, .F. ) ;
#1966 = VECTOR ( 'NONE', #2456, 1000.000000000000000 ) ;
#1967 = VECTOR ( 'NONE', #1097, 1000.000000000000000 ) ;
#1968 = DIRECTION ( 'NONE',  ( 0.8571673007021128887, 1.049727191138619312E-16, -0.5150380749100530453 ) ) ;
#1969 = DIRECTION ( 'NONE',  ( -0.8571673007021116675, 0.000000000000000000, -0.5150380749100552658 ) ) ;
#1970 = B_SPLINE_CURVE_WITH_KNOTS ( 'NONE', 3,
 ( #2551, #2253, #1229, #258, #2801, #3028, #2774, #2757, #1754, #3011, #498, #1504, #2519, #2822, #525, #1536 ),
 .UNSPECIFIED., .F., .F.,
 ( 4, 2, 2, 2, 2, 2, 2, 4 ),
 ( 4.804145695797244922E-07, 0.002862545314177681460, 0.004293577763981754405, 0.005724610213785827351, 0.007155642663589899428, 0.007871158888491934166, 0.008586675113393968037, 0.01144874001300214342 ),
 .UNSPECIFIED. ) ;
#1971 = ORIENTED_EDGE ( 'NONE', *, *, #2605, .T. ) ;
#1972 = DIRECTION ( 'NONE',  ( -0.8571673007021128887, 0.000000000000000000, -0.5150380749100530453 ) ) ;
#1973 = FACE_OUTER_BOUND ( 'NONE', #547, .T. ) ;
#1974 = CIRCLE ( 'NONE', #2603, 7.249999999999978684 ) ;
#1975 = VERTEX_POINT ( 'NONE', #2276 ) ;
#1976 = CIRCLE ( 'NONE', #3144, 7.250000000000006217 ) ;
#1977 = ADVANCED_FACE ( 'NONE', ( #2307 ), #34, .F. ) ;
#1978 = CARTESIAN_POINT ( 'NONE',  ( -160.0000000000231353, 2.313356687452024187E-11, 64.25000000000000000 ) ) ;
#1979 = DIRECTION ( 'NONE',  ( -0.000000000000000000, -0.000000000000000000, -1.000000000000000000 ) ) ;
#1980 = DIRECTION ( 'NONE',  ( -0.000000000000000000, -0.000000000000000000, -1.000000000000000000 ) ) ;
#1981 = CARTESIAN_POINT ( 'NONE',  ( 199.4284949996533669, -1.286105683220959195, 39.91123930313273149 ) ) ;
#1982 = FACE_OUTER_BOUND ( 'NONE', #1048, .T. ) ;
#1983 = EDGE_CURVE ( 'NONE', #780, #891, #991, .T. ) ;
#1984 = ADVANCED_FACE ( 'NONE', ( #3044 ), #13, .F. ) ;
#1985 = APPROVAL_ROLE ( '' ) ;
#1986 = ORIENTED_EDGE ( 'NONE', *, *, #1584, .T. ) ;
#1987 = LINE ( 'NONE', #213, #2848 ) ;
#1988 = EDGE_CURVE ( 'NONE', #337, #1492, #725, .T. ) ;
#1989 = CARTESIAN_POINT ( 'NONE',  ( -167.2500000000231353, 2.313356687452024187E-11, 100.7500000000000000 ) ) ;
#1990 = ORIENTED_EDGE ( 'NONE', *, *, #204, .T. ) ;
#1991 = DIRECTION ( 'NONE',  ( -0.000000000000000000, -0.000000000000000000, -1.000000000000000000 ) ) ;
#1992 = DIRECTION ( 'NONE',  ( -1.000000000000000000, 0.000000000000000000, 0.000000000000000000 ) ) ;
#1993 = ORIENTED_EDGE ( 'NONE', *, *, #35, .T. ) ;
#1994 = DIRECTION ( 'NONE',  ( -0.000000000000000000, -0.000000000000000000, -1.000000000000000000 ) ) ;
#1995 = LINE ( 'NONE', #674, #3224 ) ;
#1996 = B_SPLINE_CURVE_WITH_KNOTS ( 'NONE', 3,
 ( #2137, #1362, #3153, #862, #1634, #2652, #391, #3093, #2590, #1820, #327, #816, #1840, #2189, #405, #468 ),
 .UNSPECIFIED., .F., .F.,
 ( 4, 2, 2, 2, 2, 2, 2, 4 ),
 ( 0.006213198545563736186, 0.007381294074776488003, 0.007965341839382879957, 0.008549389603989272779, 0.009717485133202008116, 0.01088558066241474345, 0.01322177172084024188, 0.01555796277926574205 ),
 .UNSPECIFIED. ) ;
#1997 = ORIENTED_EDGE ( 'NONE', *, *, #1893, .F. ) ;
#1998 = CARTESIAN_POINT ( 'NONE',  ( 159.9999999999768932, -2.315316122330659707E-11, 64.25000000000000000 ) ) ;
#1999 = CYLINDRICAL_SURFACE ( 'NONE', #2352, 7.249999999999978684 ) ;
#2000 = VECTOR ( 'NONE', #859, 1000.000000000000000 ) ;
#2001 = EDGE_CURVE ( 'NONE', #2269, #3192, #1801, .T. ) ;
#2002 = CONICAL_SURFACE ( 'NONE', #819, 7.250000000000006217, 1.029744258676655866 ) ;
#2003 = VERTEX_POINT ( 'NONE', #2322 ) ;
#2004 = LINE ( 'NONE', #732, #2052 ) ;
#2005 = VECTOR ( 'NONE', #3051, 1000.000000000000000 ) ;
#2006 = DIRECTION ( 'NONE',  ( 0.8571673007021121116, 1.049727191138618449E-16, -0.5150380749100544886 ) ) ;
#2007 = LOCAL_TIME ( 1, 54, 3.000000000000000000, #2264 ) ;
#2008 = EDGE_LOOP ( 'NONE', ( #27, #1866, #2700, #10, #2552 ) ) ;
#2009 = FACE_OUTER_BOUND ( 'NONE', #1270, .T. ) ;
#2010 = ORIENTED_EDGE ( 'NONE', *, *, #3101, .F. ) ;
#2011 = CARTESIAN_POINT ( 'NONE',  ( 0.000000000000000000, 0.000000000000000000, 0.000000000000000000 ) ) ;
#2012 = DIRECTION ( 'NONE',  ( -0.000000000000000000, -0.000000000000000000, -1.000000000000000000 ) ) ;
#2013 = ORIENTED_EDGE ( 'NONE', *, *, #1441, .T. ) ;
#2014 = FACE_OUTER_BOUND ( 'NONE', #1478, .T. ) ;
#2015 = LINE ( 'NONE', #3062, #1117 ) ;
#2016 = AXIS2_PLACEMENT_3D ( 'NONE', #2487, #1994, #1488 ) ;
#2017 = AXIS2_PLACEMENT_3D ( 'NONE', #138, #2909, #354 ) ;
#2018 = ORIENTED_EDGE ( 'NONE', *, *, #1647, .T. ) ;
#2019 = EDGE_CURVE ( 'NONE', #2992, #2269, #1737, .T. ) ;
#2020 = CARTESIAN_POINT ( 'NONE',  ( 198.4999999999915872, -8.450409363421256829E-12, 0.000000000000000000 ) ) ;
#2021 = DIRECTION ( 'NONE',  ( -0.000000000000000000, -0.000000000000000000, -1.000000000000000000 ) ) ;
#2022 = VERTEX_POINT ( 'NONE', #1309 ) ;
#2023 = EDGE_CURVE ( 'NONE', #1683, #880, #2898, .T. ) ;
#2024 = CARTESIAN_POINT ( 'NONE',  ( -4.626713374904048374E-11, -160.0000000000000000, 100.7500000000000000 ) ) ;
#2025 = DIRECTION ( 'NONE',  ( -0.000000000000000000, -0.000000000000000000, -1.000000000000000000 ) ) ;
#2026 = DIRECTION ( 'NONE',  ( -0.000000000000000000, -0.000000000000000000, -1.000000000000000000 ) ) ;
#2027 = AXIS2_PLACEMENT_3D ( 'NONE', #1074, #2859, #71 ) ;
#2028 = VERTEX_POINT ( 'NONE', #68 ) ;
#2029 = EDGE_CURVE ( 'NONE', #2735, #1509, #1127, .T. ) ;
#2030 = CARTESIAN_POINT ( 'NONE',  ( -1.685220024891636166E-11, -198.5000000000000000, -6.674325055353047628E-16 ) ) ;
#2031 = DIRECTION ( 'NONE',  ( -0.000000000000000000, 0.000000000000000000, 1.000000000000000000 ) ) ;
#2032 = PERSON_AND_ORGANIZATION ( #1099, #2797 ) ;
#2033 = ORIENTED_EDGE ( 'NONE', *, *, #2704, .F. ) ;
#2034 = DIRECTION ( 'NONE',  ( -0.000000000000000000, -0.000000000000000000, -1.000000000000000000 ) ) ;
#2035 = ORIENTED_EDGE ( 'NONE', *, *, #627, .F. ) ;
#2036 = CYLINDRICAL_SURFACE ( 'NONE', #912, 7.249999999999992895 ) ;
#2037 = ADVANCED_FACE ( 'NONE', ( #2072 ), #3008, .F. ) ;
#2038 = ADVANCED_FACE ( 'NONE', ( #3091 ), #3106, .F. ) ;
#2039 = CARTESIAN_POINT ( 'NONE',  ( -7.194164143926071731, -197.6019452853580276, 26.12499999999997513 ) ) ;
#2040 = CARTESIAN_POINT ( 'NONE',  ( -106.5000000000001847, 171.9060426512109530, 36.50000000000000000 ) ) ;
#2041 = EDGE_CURVE ( 'NONE', #871, #1554, #1325, .T. ) ;
#2042 = ORIENTED_EDGE ( 'NONE', *, *, #3266, .F. ) ;
#2043 = DIRECTION ( 'NONE',  ( -1.000000000000000000, 0.000000000000000000, 0.000000000000000000 ) ) ;
#2044 = CARTESIAN_POINT ( 'NONE',  ( -0.8095433393907914832, -199.7301522202031663, 39.98060219566283990 ) ) ;
#2045 = CIRCLE ( 'NONE', #609, 7.249999999999978684 ) ;
#2046 = ORIENTED_EDGE ( 'NONE', *, *, #2708, .F. ) ;
#2047 = CYLINDRICAL_SURFACE ( 'NONE', #844, 7.250000000000006217 ) ;
#2048 = LOCAL_TIME ( 1, 54, 3.000000000000000000, #730 ) ;
#2049 = VECTOR ( 'NONE', #3041, 1000.000000000000000 ) ;
#2050 = CARTESIAN_POINT ( 'NONE',  ( 87.24999999999697309, 138.5640646054985723, 64.25000000000000000 ) ) ;
#2051 = ORIENTED_EDGE ( 'NONE', *, *, #2820, .T. ) ;
#2052 = VECTOR ( 'NONE', #1224, 1000.000000000000000 ) ;
#2053 = CARTESIAN_POINT ( 'NONE',  ( 191.2499999999916156, -8.450409363421256829E-12, 36.50000000000000000 ) ) ;
#2054 = DIRECTION ( 'NONE',  ( -0.000000000000000000, -0.000000000000000000, -1.000000000000000000 ) ) ;
#2055 = EDGE_CURVE ( 'NONE', #1361, #905, #1582, .T. ) ;
#2056 = CARTESIAN_POINT ( 'NONE',  ( -179.1560426512152731, 99.25000000000731859, 0.000000000000000000 ) ) ;
#2057 = ORIENTED_EDGE ( 'NONE', *, *, #2176, .T. ) ;
#2058 = DIRECTION ( 'NONE',  ( -0.000000000000000000, -0.000000000000000000, -1.000000000000000000 ) ) ;
#2059 = CARTESIAN_POINT ( 'NONE',  ( -102.9630061171213384, -165.6789979609595775, 0.000000000000000000 ) ) ;
#2060 = EDGE_CURVE ( 'NONE', #741, #715, #3213, .T. ) ;
#2061 = EDGE_LOOP ( 'NONE', ( #1025, #793, #2361 ) ) ;
#2062 = VERTEX_POINT ( 'NONE', #2371 ) ;
#2063 = VERTEX_POINT ( 'NONE', #2102 ) ;
#2064 = DIRECTION ( 'NONE',  ( -0.000000000000000000, -0.000000000000000000, -1.000000000000000000 ) ) ;
#2065 = CIRCLE ( 'NONE', #2117, 7.250000000000006217 ) ;
#2066 = CARTESIAN_POINT ( 'NONE',  ( 0.000000000000000000, 160.0000000000000000, 100.7500000000000000 ) ) ;
#2067 = EDGE_LOOP ( 'NONE', ( #316, #2771 ) ) ;
#2068 = VECTOR ( 'NONE', #1315, 1000.000000000000000 ) ;
#2069 = LINE ( 'NONE', #619, #2000 ) ;
#2070 = AXIS2_PLACEMENT_3D ( 'NONE', #2662, #186, #1448 ) ;
#2071 = DIRECTION ( 'NONE',  ( -0.8571673007021121116, 0.000000000000000000, -0.5150380749100544886 ) ) ;
#2072 = FACE_OUTER_BOUND ( 'NONE', #1286, .T. ) ;
#2073 = CIRCLE ( 'NONE', #1161, 7.249999999999988454 ) ;
#2074 = EDGE_LOOP ( 'NONE', ( #93, #1792, #1303, #1310 ) ) ;
#2075 = VERTEX_POINT ( 'NONE', #847 ) ;
#2076 = CARTESIAN_POINT ( 'NONE',  ( 191.2499999999916156, -8.450409363421256829E-12, 0.000000000000000000 ) ) ;
#2077 = CARTESIAN_POINT ( 'NONE',  ( 0.000000000000000000, 0.000000000000000000, 64.25000000000000000 ) ) ;
#2078 = CONICAL_SURFACE ( 'NONE', #2657, 7.249999999999978684, 1.029744258676653423 ) ;
#2079 = EDGE_CURVE ( 'NONE', #1366, #15, #1599, .T. ) ;
#2080 = VERTEX_POINT ( 'NONE', #119 ) ;
#2081 = DIRECTION ( 'NONE',  ( -0.000000000000000000, -0.000000000000000000, -1.000000000000000000 ) ) ;
#2082 = ADVANCED_FACE ( 'NONE', ( #3124 ), #3270, .F. ) ;
#2083 = DIRECTION ( 'NONE',  ( -0.000000000000000000, -0.000000000000000000, -1.000000000000000000 ) ) ;
#2084 = ORIENTED_EDGE ( 'NONE', *, *, #1217, .T. ) ;
#2085 = DIRECTION ( 'NONE',  ( -0.000000000000000000, 0.000000000000000000, 1.000000000000000000 ) ) ;
#2086 = EDGE_CURVE ( 'NONE', #309, #2003, #151, .T. ) ;
#2087 = CARTESIAN_POINT ( 'NONE',  ( -131.3140646055448997, -79.99999999997994848, 100.7500000000000000 ) ) ;
#2088 = CARTESIAN_POINT ( 'NONE',  ( 0.000000000000000000, 0.000000000000000000, 64.25000000000000000 ) ) ;
#2089 = ORIENTED_EDGE ( 'NONE', *, *, #1666, .F. ) ;
#2090 = DIRECTION ( 'NONE',  ( -1.000000000000000000, 0.000000000000000000, 0.000000000000000000 ) ) ;
#2091 = DIRECTION ( 'NONE',  ( 0.8571673007021121116, 1.049727191138618449E-16, -0.5150380749100544886 ) ) ;
#2092 = DIRECTION ( 'NONE',  ( -1.000000000000000000, 0.000000000000000000, 0.000000000000000000 ) ) ;
#2093 = DIRECTION ( 'NONE',  ( -0.000000000000000000, -0.000000000000000000, -1.000000000000000000 ) ) ;
#2094 = EDGE_CURVE ( 'NONE', #1171, #647, #3141, .T. ) ;
#2095 = ORIENTED_EDGE ( 'NONE', *, *, #866, .T. ) ;
#2096 = CARTESIAN_POINT ( 'NONE',  ( -205.7500000000083844, 8.426100124458180830E-12, 36.50000000000000000 ) ) ;
#2097 = ORIENTED_EDGE ( 'NONE', *, *, #751, .F. ) ;
#2098 = DIRECTION ( 'NONE',  ( -0.000000000000000000, -0.000000000000000000, -1.000000000000000000 ) ) ;
#2099 = AXIS2_PLACEMENT_3D ( 'NONE', #1563, #83, #555 ) ;
#2100 = AXIS2_PLACEMENT_3D ( 'NONE', #492, #1206, #3036 ) ;
#2101 = CARTESIAN_POINT ( 'NONE',  ( -5.402667603799033103, -198.1991107987336989, 37.60998928714109724 ) ) ;
#2102 = CARTESIAN_POINT ( 'NONE',  ( 87.24999999995681321, -138.5640646055217928, 64.25000000000000000 ) ) ;
#2103 = AXIS2_PLACEMENT_3D ( 'NONE', #301, #536, #552 ) ;
#2104 = ORIENTED_EDGE ( 'NONE', *, *, #2214, .T. ) ;
#2105 = EDGE_LOOP ( 'NONE', ( #2897, #2627 ) ) ;
#2106 = VECTOR ( 'NONE', #867, 1000.000000000000000 ) ;
#2107 = CARTESIAN_POINT ( 'NONE',  ( 79.99999999995679900, -138.5640646055217928, 105.1062394879498072 ) ) ;
#2108 = LINE ( 'NONE', #595, #760 ) ;
#2109 = ORIENTED_EDGE ( 'NONE', *, *, #3024, .T. ) ;
#2110 = EDGE_LOOP ( 'NONE', ( #1913, #542 ) ) ;
#2111 = DIRECTION ( 'NONE',  ( -1.000000000000000000, 0.000000000000000000, 0.000000000000000000 ) ) ;
#2112 = ORIENTED_EDGE ( 'NONE', *, *, #2323, .T. ) ;
#2113 = ADVANCED_FACE ( 'NONE', ( #1853 ), #2632, .F. ) ;
#2114 = CARTESIAN_POINT ( 'NONE',  ( 91.99999999999897682, 171.9060426512068318, 0.000000000000000000 ) ) ;
#2115 = ORIENTED_EDGE ( 'NONE', *, *, #2982, .T. ) ;
#2116 = CARTESIAN_POINT ( 'NONE',  ( 7.249999999999984013, 198.5000000000000000, 36.50000000000000000 ) ) ;
#2117 = AXIS2_PLACEMENT_3D ( 'NONE', #1978, #1716, #1128 ) ;
#2118 = CARTESIAN_POINT ( 'NONE',  ( 171.9060426511984190, -99.25000000000737543, -6.674325055353047628E-16 ) ) ;
#2119 = DIRECTION ( 'NONE',  ( -1.000000000000000000, 0.000000000000000000, 0.000000000000000000 ) ) ;
#2120 = AXIS2_PLACEMENT_3D ( 'NONE', #3222, #1147, #2944 ) ;
#2121 = ORIENTED_EDGE ( 'NONE', *, *, #1090, .F. ) ;
#2122 = CIRCLE ( 'NONE', #686, 7.249999999999978684 ) ;
#2123 = CARTESIAN_POINT ( 'NONE',  ( 199.1593598043430404, 7.219954615389441166, 26.12500000000000355 ) ) ;
#2124 = CIRCLE ( 'NONE', #2288, 7.249999999999992895 ) ;
#2125 = DIRECTION ( 'NONE',  ( -0.8571673007021113344, 0.000000000000000000, -0.5150380749100558209 ) ) ;
#2126 = AXIS2_PLACEMENT_3D ( 'NONE', #3112, #853, #612 ) ;
#2127 = CARTESIAN_POINT ( 'NONE',  ( 167.2499999999768932, -2.315227335437721137E-11, 64.25000000000000000 ) ) ;
#2128 = LINE ( 'NONE', #1638, #2709 ) ;
#2129 = AXIS2_PLACEMENT_3D ( 'NONE', #1251, #2278, #757 ) ;
#2130 = LINE ( 'NONE', #3147, #1070 ) ;
#2131 = ORIENTED_EDGE ( 'NONE', *, *, #961, .T. ) ;
#2132 = DIRECTION ( 'NONE',  ( -0.000000000000000000, 0.000000000000000000, 1.000000000000000000 ) ) ;
#2133 = DIRECTION ( 'NONE',  ( -0.000000000000000000, -0.000000000000000000, -1.000000000000000000 ) ) ;
#2134 = DIRECTION ( 'NONE',  ( -1.000000000000000000, 0.000000000000000000, 0.000000000000000000 ) ) ;
#2135 = ADVANCED_FACE ( 'NONE', ( #2873 ), #2678, .F. ) ;
#2136 = EDGE_CURVE ( 'NONE', #3136, #780, #812, .T. ) ;
#2137 = CARTESIAN_POINT ( 'NONE',  ( 174.4043561132602917, 99.24999999999256772, 39.35510131461555261 ) ) ;
#2138 = CARTESIAN_POINT ( 'NONE',  ( -138.5640646055217644, 80.00000000002003731, 64.25000000000000000 ) ) ;
#2139 = ADVANCED_FACE ( 'NONE', ( #3152 ), #2648, .T. ) ;
#2140 = DIRECTION ( 'NONE',  ( -0.000000000000000000, -0.000000000000000000, -1.000000000000000000 ) ) ;
#2141 = DIRECTION ( 'NONE',  ( -1.000000000000000000, 0.000000000000000000, 0.000000000000000000 ) ) ;
#2142 = CARTESIAN_POINT ( 'NONE',  ( 198.4999999999915872, -8.450409363421256829E-12, 36.50000000000000000 ) ) ;
#2143 = ORIENTED_EDGE ( 'NONE', *, *, #184, .T. ) ;
#2144 = ORIENTED_EDGE ( 'NONE', *, *, #1336, .F. ) ;
#2145 = VERTEX_POINT ( 'NONE', #134 ) ;
#2146 = LINE ( 'NONE', #3164, #3220 ) ;
#2147 = CIRCLE ( 'NONE', #2738, 7.249999999999992895 ) ;
#2148 = ORIENTED_EDGE ( 'NONE', *, *, #574, .T. ) ;
#2149 = CARTESIAN_POINT ( 'NONE',  ( 6.735557395310149159E-14, -200.0000000000000568, 39.95494855940844303 ) ) ;
#2150 = CIRCLE ( 'NONE', #611, 7.249999999999992895 ) ;
#2151 = PLANE ( 'NONE',  #2575 ) ;
#2152 = ADVANCED_FACE ( 'NONE', ( #1650 ), #650, .F. ) ;
#2153 = ORIENTED_EDGE ( 'NONE', *, *, #1271, .T. ) ;
#2154 = CYLINDRICAL_SURFACE ( 'NONE', #3232, 7.249999999999978684 ) ;
#2155 = DIRECTION ( 'NONE',  ( -1.000000000000000000, 0.000000000000000000, 0.000000000000000000 ) ) ;
#2156 = AXIS2_PLACEMENT_3D ( 'NONE', #637, #1654, #139 ) ;
#2157 = CIRCLE ( 'NONE', #2320, 7.250000000000006217 ) ;
#2158 = CARTESIAN_POINT ( 'NONE',  ( 171.9060426511984190, -99.25000000000737543, 36.50000000000000000 ) ) ;
#2159 = DIRECTION ( 'NONE',  ( -0.000000000000000000, -0.000000000000000000, -1.000000000000000000 ) ) ;
#2160 = ORIENTED_EDGE ( 'NONE', *, *, #3262, .F. ) ;
#2161 = FACE_OUTER_BOUND ( 'NONE', #1759, .T. ) ;
#2162 = CARTESIAN_POINT ( 'NONE',  ( 199.3253060698591810, 2.656156762246053571, 26.12500000000003908 ) ) ;
#2163 = ORIENTED_EDGE ( 'NONE', *, *, #324, .T. ) ;
#2164 = CARTESIAN_POINT ( 'NONE',  ( 72.74999999999698730, 138.5640646054985723, 64.25000000000000000 ) ) ;
#2165 = ORIENTED_EDGE ( 'NONE', *, *, #947, .F. ) ;
#2166 = DIRECTION ( 'NONE',  ( -1.000000000000000000, 0.000000000000000000, 0.000000000000000000 ) ) ;
#2167 = CYLINDRICAL_SURFACE ( 'NONE', #2845, 211.0000000000000284 ) ;
#2168 = ORIENTED_EDGE ( 'NONE', *, *, #2585, .T. ) ;
#2169 = CARTESIAN_POINT ( 'NONE',  ( 72.74999999999698730, 138.5640646054985723, 100.7500000000000000 ) ) ;
#2170 = LINE ( 'NONE', #1148, #694 ) ;
#2171 = EDGE_CURVE ( 'NONE', #1255, #2063, #911, .T. ) ;
#2172 = CONICAL_SURFACE ( 'NONE', #2493, 7.250000000000006217, 1.029744258676655866 ) ;
#2173 = CARTESIAN_POINT ( 'NONE',  ( 179.1560426512069171, 99.24999999999258193, 36.50000000000000000 ) ) ;
#2174 = LINE ( 'NONE', #3191, #1910 ) ;
#2175 = CARTESIAN_POINT ( 'NONE',  ( 185.9999999999999716, 2.277843046414076596E-14, 0.000000000000000000 ) ) ;
#2176 = EDGE_CURVE ( 'NONE', #1409, #1596, #1917, .T. ) ;
#2177 = CARTESIAN_POINT ( 'NONE',  ( -198.5000000000084128, 8.426100124458180830E-12, 0.000000000000000000 ) ) ;
#2178 = ORIENTED_EDGE ( 'NONE', *, *, #1521, .T. ) ;
#2179 = ORIENTED_EDGE ( 'NONE', *, *, #2181, .T. ) ;
#2180 = DIRECTION ( 'NONE',  ( -1.000000000000000000, 0.000000000000000000, 0.000000000000000000 ) ) ;
#2181 = EDGE_CURVE ( 'NONE', #2879, #2570, #2045, .T. ) ;
#2182 = VECTOR ( 'NONE', #623, 1000.000000000000000 ) ;
#2183 = ORIENTED_EDGE ( 'NONE', *, *, #1770, .F. ) ;
#2184 = CARTESIAN_POINT ( 'NONE',  ( 0.000000000000000000, 160.0000000000000000, 100.7500000000000000 ) ) ;
#2185 = FACE_BOUND ( 'NONE', #1577, .T. ) ;
#2186 = ADVANCED_FACE ( 'NONE', ( #1665 ), #717, .F. ) ;
#2187 = ORIENTED_EDGE ( 'NONE', *, *, #3029, .F. ) ;
#2188 = VECTOR ( 'NONE', #311, 1000.000000000000000 ) ;
#2189 = CARTESIAN_POINT ( 'NONE',  ( 170.0013043115030769, 104.9166771698301375, 37.26761513543775806 ) ) ;
#2190 = CARTESIAN_POINT ( 'NONE',  ( 7.249999999983131715, -198.5000000000000000, 36.50000000000000000 ) ) ;
#2191 = CARTESIAN_POINT ( 'NONE',  ( 177.5963523492672493, 94.75746446422205338, 126.1249999999999858 ) ) ;
#2192 = CYLINDRICAL_SURFACE ( 'NONE', #1106, 7.249999999999992895 ) ;
#2193 = DIRECTION ( 'NONE',  ( -1.000000000000000000, 0.000000000000000000, 0.000000000000000000 ) ) ;
#2194 = CARTESIAN_POINT ( 'NONE',  ( 199.4600878935057153, -2.131705121717251572, 40.42046299695872591 ) ) ;
#2195 = VERTEX_POINT ( 'NONE', #2925 ) ;
#2196 = EDGE_LOOP ( 'NONE', ( #3066, #78, #1435, #130 ) ) ;
#2197 = CYLINDRICAL_SURFACE ( 'NONE', #2369, 7.249999999999978684 ) ;
#2198 = ORIENTED_EDGE ( 'NONE', *, *, #2729, .T. ) ;
#2199 = EDGE_CURVE ( 'NONE', #2570, #404, #203, .T. ) ;
#2200 = CARTESIAN_POINT ( 'NONE',  ( 87.24999999999697309, 138.5640646054985723, 64.25000000000000000 ) ) ;
#2201 = FACE_BOUND ( 'NONE', #2950, .T. ) ;
#2202 = VECTOR ( 'NONE', #307, 1000.000000000000000 ) ;
#2203 = FACE_OUTER_BOUND ( 'NONE', #1135, .T. ) ;
#2204 = PLANE ( 'NONE',  #1560 ) ;
#2205 =( GEOMETRIC_REPRESENTATION_CONTEXT ( 3 ) GLOBAL_UNCERTAINTY_ASSIGNED_CONTEXT ( ( #1899 ) ) GLOBAL_UNIT_ASSIGNED_CONTEXT ( ( #945, #1708, #3263 ) ) REPRESENTATION_CONTEXT ( 'NONE', 'WORKASPACE' ) );
#2206 = CARTESIAN_POINT ( 'NONE',  ( -72.75000000000314060, 138.5640646055217076, 64.25000000000000000 ) ) ;
#2207 = CIRCLE ( 'NONE', #1243, 7.249999999999992895 ) ;
#2208 = LINE ( 'NONE', #2933, #1428 ) ;
#2209 = ORIENTED_EDGE ( 'NONE', *, *, #1666, .T. ) ;
#2210 = DIRECTION ( 'NONE',  ( -1.000000000000000000, 0.000000000000000000, 0.000000000000000000 ) ) ;
#2211 = AXIS2_PLACEMENT_3D ( 'NONE', #2734, #1462, #949 ) ;
#2212 = ORIENTED_EDGE ( 'NONE', *, *, #1677, .F. ) ;
#2213 = CARTESIAN_POINT ( 'NONE',  ( 175.7855389437646068, 97.35431715786451434, 38.26455576173853501 ) ) ;
#2214 = EDGE_CURVE ( 'NONE', #346, #59, #92, .T. ) ;
#2215 = ORIENTED_EDGE ( 'NONE', *, *, #2289, .T. ) ;
#2216 = LINE ( 'NONE', #2971, #2227 ) ;
#2217 = CARTESIAN_POINT ( 'NONE',  ( 159.9999999999768932, -2.315316122330659707E-11, 100.7500000000000000 ) ) ;
#2218 = ADVANCED_FACE ( 'NONE', ( #2702 ), #2167, .T. ) ;
#2219 = DIRECTION ( 'NONE',  ( -1.000000000000000000, 0.000000000000000000, 0.000000000000000000 ) ) ;
#2220 = PLANE ( 'NONE',  #1288 ) ;
#2221 = EDGE_CURVE ( 'NONE', #1334, #30, #187, .T. ) ;
#2222 = CARTESIAN_POINT ( 'NONE',  ( 72.74999999995682742, -138.5640646055217928, 64.25000000000000000 ) ) ;
#2223 = DIRECTION ( 'NONE',  ( -0.000000000000000000, -0.000000000000000000, -1.000000000000000000 ) ) ;
#2224 = AXIS2_PLACEMENT_3D ( 'NONE', #818, #2345, #2155 ) ;
#2225 = DIRECTION ( 'NONE',  ( -0.000000000000000000, -0.000000000000000000, -1.000000000000000000 ) ) ;
#2226 = EDGE_CURVE ( 'NONE', #586, #1055, #2150, .T. ) ;
#2227 = VECTOR ( 'NONE', #621, 1000.000000000000000 ) ;
#2228 = DATE_AND_TIME ( #2477, #508 ) ;
#2229 = ORIENTED_EDGE ( 'NONE', *, *, #513, .T. ) ;
#2230 = CONICAL_SURFACE ( 'NONE', #1800, 7.250000000000006217, 1.029744258676655866 ) ;
#2231 = CARTESIAN_POINT ( 'NONE',  ( -131.3140646055448997, -79.99999999997994848, 100.7500000000000000 ) ) ;
#2232 = CARTESIAN_POINT ( 'NONE',  ( 171.9060426511984190, -99.25000000000737543, 0.000000000000000000 ) ) ;
#2233 = ORIENTED_EDGE ( 'NONE', *, *, #3056, .T. ) ;
#2234 = CARTESIAN_POINT ( 'NONE',  ( 7.249999999983137045, -198.5000000000000000, -6.674325055353047628E-16 ) ) ;
#2235 = CYLINDRICAL_SURFACE ( 'NONE', #1240, 7.249999999999992895 ) ;
#2236 = VECTOR ( 'NONE', #1691, 1000.000000000000000 ) ;
#2237 = B_SPLINE_CURVE_WITH_KNOTS ( 'NONE', 3,
 ( #415, #2717, #1446, #2213, #1412, #398, #1697, #2969 ),
 .UNSPECIFIED., .F., .F.,
 ( 4, 2, 2, 4 ),
 ( 1.962615573354718958E-17, 0.003106599272781851613, 0.004659898909172794333, 0.006213198545563736186 ),
 .UNSPECIFIED. ) ;
#2238 = CARTESIAN_POINT ( 'NONE',  ( -179.1560426512152731, 99.25000000000731859, 36.50000000000000000 ) ) ;
#2239 = ADVANCED_FACE ( 'NONE', ( #2664 ), #312, .F. ) ;
#2240 = CARTESIAN_POINT ( 'NONE',  ( -4.626713374904048374E-11, -160.0000000000000000, 64.25000000000000000 ) ) ;
#2241 = EDGE_CURVE ( 'NONE', #2389, #1045, #150, .T. ) ;
#2242 = ORIENTED_EDGE ( 'NONE', *, *, #689, .F. ) ;
#2243 = CARTESIAN_POINT ( 'NONE',  ( -80.00000000004320100, -138.5640646054986007, 64.25000000000000000 ) ) ;
#2244 = DIRECTION ( 'NONE',  ( -1.000000000000000000, 0.000000000000000000, 0.000000000000000000 ) ) ;
#2245 = SHAPE_DEFINITION_REPRESENTATION ( #1214, #1868 ) ;
#2246 = VERTEX_POINT ( 'NONE', #3184 ) ;
#2247 = CARTESIAN_POINT ( 'NONE',  ( -198.5000000000084128, 8.426100124458180830E-12, -6.674325055353047628E-16 ) ) ;
#2248 = CARTESIAN_POINT ( 'NONE',  ( -185.9999999999999716, 0.000000000000000000, 0.000000000000000000 ) ) ;
#2249 = EDGE_LOOP ( 'NONE', ( #2258, #461, #1575 ) ) ;
#2250 = CARTESIAN_POINT ( 'NONE',  ( -7.250000000046265214, -160.0000000000000000, 64.25000000000000000 ) ) ;
#2251 = ORIENTED_EDGE ( 'NONE', *, *, #2329, .T. ) ;
#2252 = CARTESIAN_POINT ( 'NONE',  ( -7.249999999999984013, 198.5000000000000000, 36.50000000000000000 ) ) ;
#2253 = CARTESIAN_POINT ( 'NONE',  ( -102.1351596832877391, -165.9549467722374629, 36.89716012171574988 ) ) ;
#2254 = VECTOR ( 'NONE', #2601, 1000.000000000000114 ) ;
#2255 = ADVANCED_FACE ( 'NONE', ( #904 ), #2942, .F. ) ;
#2256 = ORIENTED_EDGE ( 'NONE', *, *, #2472, .T. ) ;
#2257 = CARTESIAN_POINT ( 'NONE',  ( -106.5000000000001847, 171.9060426512109530, -6.674325055353047628E-16 ) ) ;
#2258 = ORIENTED_EDGE ( 'NONE', *, *, #2086, .F. ) ;
#2259 = EDGE_LOOP ( 'NONE', ( #98, #2143, #2084 ) ) ;
#2260 = FACE_BOUND ( 'NONE', #2330, .T. ) ;
#2261 = VECTOR ( 'NONE', #667, 1000.000000000000114 ) ;
#2262 = ADVANCED_FACE ( 'NONE', ( #2185, #3201, #3169, #1932, #2201, #1685, #433, #1432, #2454, #3219, #2721, #448, #3234, #1973 ), #2151, .F. ) ;
#2263 = CIRCLE ( 'NONE', #566, 7.249999999999985789 ) ;
#2264 = COORDINATED_UNIVERSAL_TIME_OFFSET ( 2, 0, .AHEAD. ) ;
#2265 = EDGE_LOOP ( 'NONE', ( #1843, #1445, #808 ) ) ;
#2266 = ADVANCED_FACE ( 'NONE', ( #776 ), #1483, .F. ) ;
#2267 = DIRECTION ( 'NONE',  ( -1.000000000000000000, 0.000000000000000000, 0.000000000000000000 ) ) ;
#2268 = AXIS2_PLACEMENT_3D ( 'NONE', #3267, #3284, #2767 ) ;
#2269 = VERTEX_POINT ( 'NONE', #2549 ) ;
#2270 = CARTESIAN_POINT ( 'NONE',  ( -164.6560426512237711, -99.24999999999269562, -6.674325055353047628E-16 ) ) ;
#2271 = ORIENTED_EDGE ( 'NONE', *, *, #1791, .F. ) ;
#2272 = FACE_OUTER_BOUND ( 'NONE', #2298, .T. ) ;
#2273 = EDGE_CURVE ( 'NONE', #2450, #2062, #143, .T. ) ;
#2274 = EDGE_LOOP ( 'NONE', ( #163, #789 ) ) ;
#2275 = CARTESIAN_POINT ( 'NONE',  ( 164.6560426511984190, -99.25000000000737543, 36.50000000000000000 ) ) ;
#2276 = CARTESIAN_POINT ( 'NONE',  ( -92.54336829218296145, -169.1522105692723699, 36.50000000000000000 ) ) ;
#2277 = ORIENTED_EDGE ( 'NONE', *, *, #1828, .F. ) ;
#2278 = DIRECTION ( 'NONE',  ( -0.000000000000000000, -0.000000000000000000, -1.000000000000000000 ) ) ;
#2279 = DIRECTION ( 'NONE',  ( -0.000000000000000000, -0.000000000000000000, -1.000000000000000000 ) ) ;
#2280 = CIRCLE ( 'NONE', #57, 7.249999999999978684 ) ;
#2281 = CIRCLE ( 'NONE', #2224, 7.249999999999992895 ) ;
#2282 = PERSON_AND_ORGANIZATION_ROLE ( 'design_owner' ) ;
#2283 = VERTEX_POINT ( 'NONE', #2501 ) ;
#2284 = EDGE_CURVE ( 'NONE', #2393, #680, #357, .T. ) ;
#2285 = EDGE_CURVE ( 'NONE', #1880, #1861, #1003, .T. ) ;
#2286 = LINE ( 'NONE', #478, #1944 ) ;
#2287 = ORIENTED_EDGE ( 'NONE', *, *, #2055, .T. ) ;
#2288 = AXIS2_PLACEMENT_3D ( 'NONE', #2609, #1909, #2672 ) ;
#2289 = EDGE_CURVE ( 'NONE', #2310, #2295, #1750, .T. ) ;
#2290 = DIRECTION ( 'NONE',  ( 0.000000000000000000, 0.000000000000000000, 1.000000000000000000 ) ) ;
#2291 = AXIS2_PLACEMENT_3D ( 'NONE', #1675, #2223, #941 ) ;
#2292 = CIRCLE ( 'NONE', #3088, 7.249999999999998224 ) ;
#2293 = DIRECTION ( 'NONE',  ( 1.000000000000000000, -8.881784197002340951E-16, 0.000000000000000000 ) ) ;
#2294 = CARTESIAN_POINT ( 'NONE',  ( 177.5963523492674767, 94.75746446422168390, 26.12500000000005329 ) ) ;
#2295 = VERTEX_POINT ( 'NONE', #3007 ) ;
#2296 = CARTESIAN_POINT ( 'NONE',  ( -171.9060426512237427, -99.24999999999269562, 36.50000000000000000 ) ) ;
#2297 = LINE ( 'NONE', #41, #2188 ) ;
#2298 = EDGE_LOOP ( 'NONE', ( #786, #232, #1786, #2952 ) ) ;
#2299 = LINE ( 'NONE', #28, #1376 ) ;
#2300 = ORIENTED_EDGE ( 'NONE', *, *, #2585, .F. ) ;
#2301 = EDGE_CURVE ( 'NONE', #2732, #3039, #1939, .T. ) ;
#2302 = DIRECTION ( 'NONE',  ( -1.000000000000000000, 0.000000000000000000, 0.000000000000000000 ) ) ;
#2303 = ORIENTED_EDGE ( 'NONE', *, *, #983, .F. ) ;
#2304 = CARTESIAN_POINT ( 'NONE',  ( -80.00000000000314060, 138.5640646055217076, 64.25000000000000000 ) ) ;
#2305 = LINE ( 'NONE', #1799, #1093 ) ;
#2306 = EDGE_CURVE ( 'NONE', #1559, #349, #952, .T. ) ;
#2307 = FACE_OUTER_BOUND ( 'NONE', #1447, .T. ) ;
#2308 = ORIENTED_EDGE ( 'NONE', *, *, #2382, .T. ) ;
#2309 = DIRECTION ( 'NONE',  ( -1.000000000000000000, 0.000000000000000000, 0.000000000000000000 ) ) ;
#2310 = VERTEX_POINT ( 'NONE', #1515 ) ;
#2311 = DIRECTION ( 'NONE',  ( -0.000000000000000000, -0.000000000000000000, -1.000000000000000000 ) ) ;
#2312 = AXIS2_PLACEMENT_3D ( 'NONE', #636, #1216, #2740 ) ;
#2313 = ORIENTED_EDGE ( 'NONE', *, *, #1983, .F. ) ;
#2314 = FACE_OUTER_BOUND ( 'NONE', #3103, .T. ) ;
#2315 = AXIS2_PLACEMENT_3D ( 'NONE', #2304, #2818, #1992 ) ;
#2316 = DIRECTION ( 'NONE',  ( -0.000000000000000000, -0.000000000000000000, -1.000000000000000000 ) ) ;
#2317 = VERTEX_POINT ( 'NONE', #2250 ) ;
#2318 = DIRECTION ( 'NONE',  ( -0.000000000000000000, -0.000000000000000000, -1.000000000000000000 ) ) ;
#2319 = EDGE_CURVE ( 'NONE', #3050, #1554, #1672, .T. ) ;
#2320 = AXIS2_PLACEMENT_3D ( 'NONE', #2349, #1547, #1064 ) ;
#2321 = CYLINDRICAL_SURFACE ( 'NONE', #109, 7.250000000000006217 ) ;
#2322 = CARTESIAN_POINT ( 'NONE',  ( 199.5768906246193239, -7.169575062910615415, 26.12500000000000355 ) ) ;
#2323 = EDGE_CURVE ( 'NONE', #680, #2789, #3269, .T. ) ;
#2324 = ADVANCED_FACE ( 'NONE', ( #1766 ), #2681, .F. ) ;
#2325 = EDGE_LOOP ( 'NONE', ( #2938, #328 ) ) ;
#2326 = VERTEX_POINT ( 'NONE', #1244 ) ;
#2327 = CARTESIAN_POINT ( 'NONE',  ( 0.000000000000000000, 160.0000000000000000, 64.25000000000000000 ) ) ;
#2328 = FACE_BOUND ( 'NONE', #1046, .T. ) ;
#2329 = EDGE_CURVE ( 'NONE', #349, #2846, #2526, .T. ) ;
#2330 = EDGE_LOOP ( 'NONE', ( #3080, #1262 ) ) ;
#2331 = DIRECTION ( 'NONE',  ( -0.000000000000000000, -0.000000000000000000, -1.000000000000000000 ) ) ;
#2332 = ORIENTED_EDGE ( 'NONE', *, *, #1195, .T. ) ;
#2333 = CIRCLE ( 'NONE', #836, 7.249999999999992895 ) ;
#2334 = DIRECTION ( 'NONE',  ( 0.8571673007021113344, 1.049727191138617463E-16, -0.5150380749100558209 ) ) ;
#2335 = EDGE_LOOP ( 'NONE', ( #2695, #2033 ) ) ;
#2336 = CIRCLE ( 'NONE', #1906, 7.249999999999978684 ) ;
#2337 = DIRECTION ( 'NONE',  ( -0.000000000000000000, 0.000000000000000000, 1.000000000000000000 ) ) ;
#2338 = DIRECTION ( 'NONE',  ( -0.000000000000000000, -0.000000000000000000, -1.000000000000000000 ) ) ;
#2339 = CARTESIAN_POINT ( 'NONE',  ( 205.7499999999915872, -8.449521494491875978E-12, 0.000000000000000000 ) ) ;
#2340 = AXIS2_PLACEMENT_3D ( 'NONE', #210, #1201, #2447 ) ;
#2341 = VERTEX_POINT ( 'NONE', #2536 ) ;
#2342 = EDGE_CURVE ( 'NONE', #1119, #3148, #1131, .T. ) ;
#2343 = EDGE_LOOP ( 'NONE', ( #1646, #1997, #571, #1424 ) ) ;
#2344 = LINE ( 'NONE', #1887, #2182 ) ;
#2345 = DIRECTION ( 'NONE',  ( -0.000000000000000000, -0.000000000000000000, -1.000000000000000000 ) ) ;
#2346 = ORIENTED_EDGE ( 'NONE', *, *, #2896, .T. ) ;
#2347 = DIRECTION ( 'NONE',  ( -1.000000000000000000, 0.000000000000000000, 0.000000000000000000 ) ) ;
#2348 = ORIENTED_EDGE ( 'NONE', *, *, #260, .F. ) ;
#2349 = CARTESIAN_POINT ( 'NONE',  ( 138.5640646054986860, 79.99999999997986322, 100.7500000000000000 ) ) ;
#2350 = ORIENTED_EDGE ( 'NONE', *, *, #981, .T. ) ;
#2351 = CARTESIAN_POINT ( 'NONE',  ( 0.000000000000000000, 160.0000000000000000, 64.25000000000000000 ) ) ;
#2352 = AXIS2_PLACEMENT_3D ( 'NONE', #3209, #2460, #473 ) ;
#2353 = DIRECTION ( 'NONE',  ( -0.000000000000000000, -0.000000000000000000, -1.000000000000000000 ) ) ;
#2354 = CARTESIAN_POINT ( 'NONE',  ( 106.4999999999989484, 171.9060426512068318, 36.50000000000000000 ) ) ;
#2355 = CARTESIAN_POINT ( 'NONE',  ( -99.25000000000019895, 171.9060426512109530, 36.50000000000000000 ) ) ;
#2356 = CARTESIAN_POINT ( 'NONE',  ( 6.735557395310444508E-14, -200.0000000000000568, 126.1249999999999858 ) ) ;
#2357 = ADVANCED_FACE ( 'NONE', ( #2009 ), #2036, .F. ) ;
#2358 = EDGE_LOOP ( 'NONE', ( #2448, #1327, #2673 ) ) ;
#2359 = ORIENTED_EDGE ( 'NONE', *, *, #1790, .T. ) ;
#2360 = CARTESIAN_POINT ( 'NONE',  ( -179.1560426512237427, -99.24999999999269562, 36.50000000000000000 ) ) ;
#2361 = ORIENTED_EDGE ( 'NONE', *, *, #3266, .T. ) ;
#2362 = ADVANCED_FACE ( 'NONE', ( #2272 ), #538, .F. ) ;
#2363 = AXIS2_PLACEMENT_3D ( 'NONE', #2, #1022, #1519 ) ;
#2364 = ADVANCED_FACE ( 'NONE', ( #1501 ), #2235, .F. ) ;
#2365 = CARTESIAN_POINT ( 'NONE',  ( 79.99999999995681321, -138.5640646055217928, 100.7500000000000000 ) ) ;
#2366 = ORIENTED_EDGE ( 'NONE', *, *, #2055, .F. ) ;
#2367 = DIRECTION ( 'NONE',  ( -0.000000000000000000, -0.000000000000000000, -1.000000000000000000 ) ) ;
#2368 = CIRCLE ( 'NONE', #91, 7.249999999999978684 ) ;
#2369 = AXIS2_PLACEMENT_3D ( 'NONE', #2660, #3212, #915 ) ;
#2370 = FACE_OUTER_BOUND ( 'NONE', #3001, .T. ) ;
#2371 = CARTESIAN_POINT ( 'NONE',  ( 180.9999999999999716, 2.216610706456709021E-14, 64.25000000000000000 ) ) ;
#2372 = ADVANCED_FACE ( 'NONE', ( #573 ), #2741, .F. ) ;
#2373 = AXIS2_PLACEMENT_3D ( 'NONE', #2158, #2998, #709 ) ;
#2374 = DIRECTION ( 'NONE',  ( -0.000000000000000000, -0.000000000000000000, -1.000000000000000000 ) ) ;
#2375 = CARTESIAN_POINT ( 'NONE',  ( 131.3140646054754939, -80.00000000002009415, 64.25000000000000000 ) ) ;
#2376 = ORIENTED_EDGE ( 'NONE', *, *, #1828, .T. ) ;
#2377 = ORIENTED_EDGE ( 'NONE', *, *, #610, .T. ) ;
#2378 = CARTESIAN_POINT ( 'NONE',  ( 164.6560426512069455, 99.24999999999258193, 0.000000000000000000 ) ) ;
#2379 = ORIENTED_EDGE ( 'NONE', *, *, #1487, .F. ) ;
#2380 = FACE_OUTER_BOUND ( 'NONE', #1209, .T. ) ;
#2381 = VERTEX_POINT ( 'NONE', #1814 ) ;
#2382 = EDGE_CURVE ( 'NONE', #647, #2028, #51, .T. ) ;
#2383 = CARTESIAN_POINT ( 'NONE',  ( -7.250000000046261661, -160.0000000000000000, 100.7500000000000000 ) ) ;
#2384 = CIRCLE ( 'NONE', #1690, 7.249999999999992895 ) ;
#2385 = EDGE_CURVE ( 'NONE', #1278, #715, #2885, .T. ) ;
#2386 = FACE_OUTER_BOUND ( 'NONE', #1739, .T. ) ;
#2387 = CARTESIAN_POINT ( 'NONE',  ( -171.9060426512152731, 99.25000000000731859, 36.50000000000000000 ) ) ;
#2388 = CIRCLE ( 'NONE', #1535, 7.249999999999978684 ) ;
#2389 = VERTEX_POINT ( 'NONE', #2835 ) ;
#2390 = CARTESIAN_POINT ( 'NONE',  ( 0.000000000000000000, 0.000000000000000000, 10.00000000000000000 ) ) ;
#2391 = AXIS2_PLACEMENT_3D ( 'NONE', #1591, #3131, #1894 ) ;
#2392 = DIRECTION ( 'NONE',  ( -1.000000000000000000, 0.000000000000000000, 0.000000000000000000 ) ) ;
#2393 = VERTEX_POINT ( 'NONE', #2383 ) ;
#2394 = ORIENTED_EDGE ( 'NONE', *, *, #2704, .T. ) ;
#2395 = CARTESIAN_POINT ( 'NONE',  ( -1.685220024891636166E-11, -198.5000000000000000, 26.12499999999997513 ) ) ;
#2396 = AXIS2_PLACEMENT_3D ( 'NONE', #3207, #192, #3258 ) ;
#2397 = VERTEX_POINT ( 'NONE', #3120 ) ;
#2398 = CIRCLE ( 'NONE', #1049, 7.249999999999992895 ) ;
#2399 = DIRECTION ( 'NONE',  ( -0.000000000000000000, -0.000000000000000000, -1.000000000000000000 ) ) ;
#2400 = ORIENTED_EDGE ( 'NONE', *, *, #1729, .T. ) ;
#2401 = VERTEX_POINT ( 'NONE', #1287 ) ;
#2402 = LINE ( 'NONE', #2164, #3065 ) ;
#2403 = EDGE_CURVE ( 'NONE', #164, #1374, #721, .T. ) ;
#2404 = ORIENTED_EDGE ( 'NONE', *, *, #2329, .F. ) ;
#2405 = DIRECTION ( 'NONE',  ( -1.000000000000000000, 0.000000000000000000, 0.000000000000000000 ) ) ;
#2406 = DIRECTION ( 'NONE',  ( -1.000000000000000000, 0.000000000000000000, -0.000000000000000000 ) ) ;
#2407 = EDGE_CURVE ( 'NONE', #871, #3050, #2069, .T. ) ;
#2408 = DIRECTION ( 'NONE',  ( -0.000000000000000000, -0.000000000000000000, -1.000000000000000000 ) ) ;
#2409 = CARTESIAN_POINT ( 'NONE',  ( -171.9060426512237427, -99.24999999999269562, 36.50000000000000000 ) ) ;
#2410 = AXIS2_PLACEMENT_3D ( 'NONE', #2728, #487, #453 ) ;
#2411 = CARTESIAN_POINT ( 'NONE',  ( 138.5640646054754939, -80.00000000002009415, 100.7500000000000000 ) ) ;
#2412 = ORIENTED_EDGE ( 'NONE', *, *, #1169, .F. ) ;
#2413 = DIRECTION ( 'NONE',  ( -0.000000000000000000, -0.000000000000000000, -1.000000000000000000 ) ) ;
#2414 = DIRECTION ( 'NONE',  ( -1.000000000000000000, 0.000000000000000000, 0.000000000000000000 ) ) ;
#2415 = ORIENTED_EDGE ( 'NONE', *, *, #225, .T. ) ;
#2416 = VERTEX_POINT ( 'NONE', #828 ) ;
#2417 = CARTESIAN_POINT ( 'NONE',  ( 138.5640646054986860, 79.99999999997986322, 100.7500000000000000 ) ) ;
#2418 = CIRCLE ( 'NONE', #2312, 180.9999999999999716 ) ;
#2419 = EDGE_LOOP ( 'NONE', ( #1246, #1589, #1702, #3161 ) ) ;
#2420 = CARTESIAN_POINT ( 'NONE',  ( -138.5640646055217644, 80.00000000002003731, 100.7500000000000000 ) ) ;
#2421 = AXIS2_PLACEMENT_3D ( 'NONE', #2024, #523, #238 ) ;
#2422 = DIRECTION ( 'NONE',  ( -1.000000000000000000, 0.000000000000000000, 0.000000000000000000 ) ) ;
#2423 = VECTOR ( 'NONE', #385, 1000.000000000000114 ) ;
#2424 = DIRECTION ( 'NONE',  ( -0.000000000000000000, 0.000000000000000000, 1.000000000000000000 ) ) ;
#2425 = EDGE_CURVE ( 'NONE', #1051, #905, #963, .T. ) ;
#2426 = DIRECTION ( 'NONE',  ( 0.000000000000000000, 0.000000000000000000, 1.000000000000000000 ) ) ;
#2427 = VECTOR ( 'NONE', #1796, 1000.000000000000000 ) ;
#2428 = DIRECTION ( 'NONE',  ( -0.000000000000000000, -0.000000000000000000, -1.000000000000000000 ) ) ;
#2429 = DIRECTION ( 'NONE',  ( -1.000000000000000000, 0.000000000000000000, 0.000000000000000000 ) ) ;
#2430 = EDGE_CURVE ( 'NONE', #581, #1465, #2853, .T. ) ;
#2431 = CARTESIAN_POINT ( 'NONE',  ( -145.8140646055448997, -79.99999999997994848, 100.7500000000000000 ) ) ;
#2432 = DIRECTION ( 'NONE',  ( 0.8571673007021128887, 1.049727191138619312E-16, -0.5150380749100530453 ) ) ;
#2433 = EDGE_LOOP ( 'NONE', ( #1311, #1837 ) ) ;
#2434 = ORIENTED_EDGE ( 'NONE', *, *, #382, .F. ) ;
#2435 = EDGE_CURVE ( 'NONE', #1366, #1139, #2955, .T. ) ;
#2436 = FACE_OUTER_BOUND ( 'NONE', #2259, .T. ) ;
#2437 = ORIENTED_EDGE ( 'NONE', *, *, #825, .F. ) ;
#2438 = DIRECTION ( 'NONE',  ( -0.8571673007021122226, 0.000000000000000000, -0.5150380749100541555 ) ) ;
#2439 = DIRECTION ( 'NONE',  ( -0.000000000000000000, -0.000000000000000000, -1.000000000000000000 ) ) ;
#2440 = ORIENTED_EDGE ( 'NONE', *, *, #2273, .T. ) ;
#2441 = ORIENTED_EDGE ( 'NONE', *, *, #1723, .T. ) ;
#2442 = FACE_OUTER_BOUND ( 'NONE', #618, .T. ) ;
#2443 = FACE_OUTER_BOUND ( 'NONE', #1299, .T. ) ;
#2444 = ADVANCED_FACE ( 'NONE', ( #113 ), #350, .F. ) ;
#2445 = CIRCLE ( 'NONE', #1854, 180.9999999999999716 ) ;
#2446 = CARTESIAN_POINT ( 'NONE',  ( -211.0000000000000284, 0.000000000000000000, 152.2500000000000000 ) ) ;
#2447 = DIRECTION ( 'NONE',  ( -1.000000000000000000, 0.000000000000000000, 0.000000000000000000 ) ) ;
#2448 = ORIENTED_EDGE ( 'NONE', *, *, #3056, .F. ) ;
#2449 = FACE_OUTER_BOUND ( 'NONE', #2940, .T. ) ;
#2450 = VERTEX_POINT ( 'NONE', #3087 ) ;
#2451 = CYLINDRICAL_SURFACE ( 'NONE', #2528, 7.250000000000006217 ) ;
#2452 = ORIENTED_EDGE ( 'NONE', *, *, #260, .T. ) ;
#2453 = DIRECTION ( 'NONE',  ( -0.000000000000000000, -0.000000000000000000, -1.000000000000000000 ) ) ;
#2454 = FACE_BOUND ( 'NONE', #378, .T. ) ;
#2455 = ORIENTED_EDGE ( 'NONE', *, *, #1382, .T. ) ;
#2456 = DIRECTION ( 'NONE',  ( 0.000000000000000000, 0.000000000000000000, 1.000000000000000000 ) ) ;
#2457 = DIRECTION ( 'NONE',  ( -0.9486832980505137680, 0.3162277660168382187, 0.000000000000000000 ) ) ;
#2458 = FACE_OUTER_BOUND ( 'NONE', #2995, .T. ) ;
#2459 = CARTESIAN_POINT ( 'NONE',  ( 199.5768906246193239, -7.169575062910615415, 36.50000000000000000 ) ) ;
#2460 = DIRECTION ( 'NONE',  ( -0.000000000000000000, -0.000000000000000000, -1.000000000000000000 ) ) ;
#2461 = EDGE_CURVE ( 'NONE', #998, #399, #320, .T. ) ;
#2462 = PERSON_AND_ORGANIZATION ( #1099, #2797 ) ;
#2463 = ORIENTED_EDGE ( 'NONE', *, *, #58, .T. ) ;
#2464 = EDGE_CURVE ( 'NONE', #2824, #1929, #1186, .T. ) ;
#2465 = DIRECTION ( 'NONE',  ( -1.000000000000000000, 1.531342102931253382E-14, 0.000000000000000000 ) ) ;
#2466 = EDGE_LOOP ( 'NONE', ( #2918, #688, #775, #1365 ) ) ;
#2467 = CARTESIAN_POINT ( 'NONE',  ( -99.25000000000019895, 171.9060426512109530, 36.50000000000000000 ) ) ;
#2468 = CARTESIAN_POINT ( 'NONE',  ( 179.1560426511983906, -99.25000000000737543, 36.50000000000000000 ) ) ;
#2469 = ORIENTED_EDGE ( 'NONE', *, *, #2875, .T. ) ;
#2470 = CARTESIAN_POINT ( 'NONE',  ( -138.5640646055217644, 80.00000000002003731, 64.25000000000000000 ) ) ;
#2471 = DIRECTION ( 'NONE',  ( -1.000000000000000000, 0.000000000000000000, 0.000000000000000000 ) ) ;
#2472 = EDGE_CURVE ( 'NONE', #3274, #37, #1616, .T. ) ;
#2473 = AXIS2_PLACEMENT_3D ( 'NONE', #2782, #1550, #1798 ) ;
#2474 = LINE ( 'NONE', #2173, #1889 ) ;
#2475 = CYLINDRICAL_SURFACE ( 'NONE', #3245, 211.0000000000000284 ) ;
#2476 = CARTESIAN_POINT ( 'NONE',  ( 179.1560426511983906, -99.25000000000737543, 0.000000000000000000 ) ) ;
#2477 = CALENDAR_DATE ( 2026, 19, 4 ) ;
#2478 = VERTEX_POINT ( 'NONE', #100 ) ;
#2479 = CARTESIAN_POINT ( 'NONE',  ( -180.9999999999999716, 0.000000000000000000, 152.2500000000000000 ) ) ;
#2480 = ADVANCED_FACE ( 'NONE', ( #66 ), #1848, .F. ) ;
#2481 = DIRECTION ( 'NONE',  ( -1.000000000000000000, 0.000000000000000000, 0.000000000000000000 ) ) ;
#2482 = EDGE_LOOP ( 'NONE', ( #1100, #1918, #1606, #2160, #3, #3215 ) ) ;
#2483 = DIRECTION ( 'NONE',  ( -0.3162277660168381632, -0.9486832980505137680, 0.000000000000000000 ) ) ;
#2484 = EDGE_CURVE ( 'NONE', #2868, #2416, #1052, .T. ) ;
#2485 = CARTESIAN_POINT ( 'NONE',  ( 91.99999999998425437, -171.9060426512153299, 0.000000000000000000 ) ) ;
#2486 = EDGE_CURVE ( 'NONE', #2326, #15, #2580, .T. ) ;
#2487 = CARTESIAN_POINT ( 'NONE',  ( 0.000000000000000000, 160.0000000000000000, 64.25000000000000000 ) ) ;
#2488 = DIRECTION ( 'NONE',  ( -0.000000000000000000, -0.000000000000000000, -1.000000000000000000 ) ) ;
#2489 = VERTEX_POINT ( 'NONE', #368 ) ;
#2490 = VECTOR ( 'NONE', #2353, 1000.000000000000000 ) ;
#2491 = CARTESIAN_POINT ( 'NONE',  ( 199.4111560420070361, -0.6625438888508388136, 40.18453984471649676 ) ) ;
#2492 = CARTESIAN_POINT ( 'NONE',  ( -138.5640646055448997, -79.99999999997994848, 100.7500000000000000 ) ) ;
#2493 = AXIS2_PLACEMENT_3D ( 'NONE', #2680, #1699, #149 ) ;
#2494 = APPROVAL_DATE_TIME ( #1725, #978 ) ;
#2495 = VERTEX_POINT ( 'NONE', #809 ) ;
#2496 = AXIS2_PLACEMENT_3D ( 'NONE', #1080, #1061, #141 ) ;
#2497 = CARTESIAN_POINT ( 'NONE',  ( 169.1489316994268961, 105.9552844234584796, 26.12500000000000355 ) ) ;
#2498 = AXIS2_PLACEMENT_3D ( 'NONE', #1541, #2554, #1758 ) ;
#2499 = CARTESIAN_POINT ( 'NONE',  ( -99.25000000000021316, 171.9060426512109530, 40.85623948794980720 ) ) ;
#2500 = ORIENTED_EDGE ( 'NONE', *, *, #938, .T. ) ;
#2501 = CARTESIAN_POINT ( 'NONE',  ( 164.6560426511984190, -99.25000000000737543, -6.674325055353047628E-16 ) ) ;
#2502 = ORIENTED_EDGE ( 'NONE', *, *, #3101, .T. ) ;
#2503 = DIRECTION ( 'NONE',  ( 1.000000000000000000, 0.000000000000000000, 0.000000000000000000 ) ) ;
#2504 = DIRECTION ( 'NONE',  ( -1.000000000000000000, 0.000000000000000000, -0.000000000000000000 ) ) ;
#2505 = ORIENTED_EDGE ( 'NONE', *, *, #242, .T. ) ;
#2506 = DIRECTION ( 'NONE',  ( -1.000000000000000000, 0.000000000000000000, 0.000000000000000000 ) ) ;
#2507 = AXIS2_PLACEMENT_3D ( 'NONE', #24, #771, #530 ) ;
#2508 = ORIENTED_EDGE ( 'NONE', *, *, #1669, .F. ) ;
#2509 = FACE_BOUND ( 'NONE', #3059, .T. ) ;
#2510 = CONICAL_SURFACE ( 'NONE', #2832, 7.250000000000006217, 1.029744258676655866 ) ;
#2511 = ORIENTED_EDGE ( 'NONE', *, *, #882, .T. ) ;
#2512 = DIRECTION ( 'NONE',  ( -0.000000000000000000, -0.000000000000000000, -1.000000000000000000 ) ) ;
#2513 = EDGE_CURVE ( 'NONE', #1929, #2824, #1619, .T. ) ;
#2514 = DIRECTION ( 'NONE',  ( -1.000000000000000000, 0.000000000000000000, 0.000000000000000000 ) ) ;
#2515 = ORIENTED_EDGE ( 'NONE', *, *, #1197, .F. ) ;
#2516 = CARTESIAN_POINT ( 'NONE',  ( -80.00000000000314060, 138.5640646055217076, 100.7500000000000000 ) ) ;
#2517 = VERTEX_POINT ( 'NONE', #2901 ) ;
#2518 = CYLINDRICAL_SURFACE ( 'NONE', #1903, 7.249999999999978684 ) ;
#2519 = CARTESIAN_POINT ( 'NONE',  ( -95.29613936383653083, -168.2346202120544660, 37.61639445381989333 ) ) ;
#2520 = AXIS2_PLACEMENT_3D ( 'NONE', #390, #1381, #2406 ) ;
#2521 = EDGE_LOOP ( 'NONE', ( #2671, #1644, #2095 ) ) ;
#2522 = EDGE_CURVE ( 'NONE', #2917, #2416, #205, .T. ) ;
#2523 = DIRECTION ( 'NONE',  ( -0.000000000000000000, -0.000000000000000000, -1.000000000000000000 ) ) ;
#2524 = CYLINDRICAL_SURFACE ( 'NONE', #1653, 7.249999999999978684 ) ;
#2525 = AXIS2_PLACEMENT_3D ( 'NONE', #3210, #2935, #442 ) ;
#2526 = CIRCLE ( 'NONE', #2473, 7.249999999999978684 ) ;
#2527 = ADVANCED_FACE ( 'NONE', ( #646 ), #2451, .F. ) ;
#2528 = AXIS2_PLACEMENT_3D ( 'NONE', #1661, #183, #1928 ) ;
#2529 = ADVANCED_FACE ( 'NONE', ( #2939 ), #259, .F. ) ;
#2530 = APPROVAL_DATE_TIME ( #2986, #670 ) ;
#2531 = ORIENTED_EDGE ( 'NONE', *, *, #221, .T. ) ;
#2532 = VECTOR ( 'NONE', #908, 1000.000000000000000 ) ;
#2533 = DIRECTION ( 'NONE',  ( -0.000000000000000000, -0.000000000000000000, -1.000000000000000000 ) ) ;
#2534 = AXIS2_PLACEMENT_3D ( 'NONE', #1423, #1641, #643 ) ;
#2535 = ORIENTED_EDGE ( 'NONE', *, *, #110, .T. ) ;
#2536 = CARTESIAN_POINT ( 'NONE',  ( -92.00000000001578826, -171.9060426512068318, 26.12499999999997513 ) ) ;
#2537 = LINE ( 'NONE', #3254, #2809 ) ;
#2538 = CARTESIAN_POINT ( 'NONE',  ( 145.0000000000000000, 0.000000000000000000, 152.2500000000000000 ) ) ;
#2539 = ORIENTED_EDGE ( 'NONE', *, *, #1953, .F. ) ;
#2540 = PLANE ( 'NONE',  #2498 ) ;
#2541 = CYLINDRICAL_SURFACE ( 'NONE', #2507, 7.249999999999992895 ) ;
#2542 = ORIENTED_EDGE ( 'NONE', *, *, #2957, .T. ) ;
#2543 = CARTESIAN_POINT ( 'NONE',  ( -80.00000000004320100, -138.5640646054986007, 100.7500000000000000 ) ) ;
#2544 = AXIS2_PLACEMENT_3D ( 'NONE', #2420, #2924, #2905 ) ;
#2545 = CIRCLE ( 'NONE', #532, 7.249999999999992895 ) ;
#2546 = DIRECTION ( 'NONE',  ( 1.000000000000000000, 0.000000000000000000, 0.000000000000000000 ) ) ;
#2547 = VERTEX_POINT ( 'NONE', #1189 ) ;
#2548 = CIRCLE ( 'NONE', #2496, 7.250000000000006217 ) ;
#2549 = CARTESIAN_POINT ( 'NONE',  ( 145.8140646054754939, -80.00000000002009415, 100.7500000000000000 ) ) ;
#2550 = DIRECTION ( 'NONE',  ( -0.000000000000000000, -0.000000000000000000, -1.000000000000000000 ) ) ;
#2551 = CARTESIAN_POINT ( 'NONE',  ( -102.9630061171213242, -165.6789979609595775, 36.50000000000000711 ) ) ;
#2552 = ORIENTED_EDGE ( 'NONE', *, *, #2566, .T. ) ;
#2553 = ORIENTED_EDGE ( 'NONE', *, *, #790, .F. ) ;
#2554 = DIRECTION ( 'NONE',  ( 0.000000000000000000, 0.000000000000000000, -1.000000000000000000 ) ) ;
#2555 = CARTESIAN_POINT ( 'NONE',  ( -99.25000000001577405, -171.9060426512068318, 0.000000000000000000 ) ) ;
#2556 = EDGE_LOOP ( 'NONE', ( #1057, #3108, #2557 ) ) ;
#2557 = ORIENTED_EDGE ( 'NONE', *, *, #2976, .T. ) ;
#2558 = ADVANCED_FACE ( 'NONE', ( #1948 ), #2197, .F. ) ;
#2559 = DIRECTION ( 'NONE',  ( -0.000000000000000000, -0.000000000000000000, -1.000000000000000000 ) ) ;
#2560 = LINE ( 'NONE', #336, #2427 ) ;
#2561 = ORIENTED_EDGE ( 'NONE', *, *, #2605, .F. ) ;
#2562 = EDGE_CURVE ( 'NONE', #2145, #1827, #2237, .T. ) ;
#2563 = AXIS2_PLACEMENT_3D ( 'NONE', #1943, #160, #1220 ) ;
#2564 = DIRECTION ( 'NONE',  ( -1.000000000000000000, 0.000000000000000000, 0.000000000000000000 ) ) ;
#2565 = EDGE_CURVE ( 'NONE', #499, #586, #2402, .T. ) ;
#2566 = EDGE_CURVE ( 'NONE', #2003, #1605, #3179, .T. ) ;
#2567 = CARTESIAN_POINT ( 'NONE',  ( 138.5640646054754939, -80.00000000002009415, 64.25000000000000000 ) ) ;
#2568 = CARTESIAN_POINT ( 'NONE',  ( 172.2832353201157787, 102.1573769118353141, 26.12500000000004619 ) ) ;
#2569 = ORIENTED_EDGE ( 'NONE', *, *, #454, .F. ) ;
#2570 = VERTEX_POINT ( 'NONE', #2699 ) ;
#2571 = ADVANCED_FACE ( 'NONE', ( #2436 ), #2002, .F. ) ;
#2572 = CARTESIAN_POINT ( 'NONE',  ( -7.250000000046261661, -160.0000000000000000, 100.7500000000000000 ) ) ;
#2573 = DIRECTION ( 'NONE',  ( -0.000000000000000000, -0.000000000000000000, -1.000000000000000000 ) ) ;
#2574 = AXIS2_PLACEMENT_3D ( 'NONE', #708, #1671, #1400 ) ;
#2575 = AXIS2_PLACEMENT_3D ( 'NONE', #988, #2290, #251 ) ;
#2576 = ORIENTED_EDGE ( 'NONE', *, *, #2784, .F. ) ;
#2577 = ORIENTED_EDGE ( 'NONE', *, *, #2041, .T. ) ;
#2578 = CARTESIAN_POINT ( 'NONE',  ( 171.9060426512069171, 99.24999999999258193, 0.000000000000000000 ) ) ;
#2579 = ORIENTED_EDGE ( 'NONE', *, *, #3037, .F. ) ;
#2580 = CIRCLE ( 'NONE', #1832, 7.250000000000006217 ) ;
#2581 = CARTESIAN_POINT ( 'NONE',  ( 0.000000000000000000, 0.000000000000000000, 10.00000000000000000 ) ) ;
#2582 = ORIENTED_EDGE ( 'NONE', *, *, #1738, .T. ) ;
#2583 = AXIS2_PLACEMENT_3D ( 'NONE', #2765, #1497, #2267 ) ;
#2584 = DIRECTION ( 'NONE',  ( -0.000000000000000000, -0.000000000000000000, -1.000000000000000000 ) ) ;
#2585 = EDGE_CURVE ( 'NONE', #647, #1333, #2263, .T. ) ;
#2586 = VECTOR ( 'NONE', #1846, 1000.000000000000000 ) ;
#2587 = DIRECTION ( 'NONE',  ( -0.000000000000000000, -0.000000000000000000, -1.000000000000000000 ) ) ;
#2588 = DIRECTION ( 'NONE',  ( 0.000000000000000000, 0.000000000000000000, 1.000000000000000000 ) ) ;
#2589 = VERTEX_POINT ( 'NONE', #2989 ) ;
#2590 = CARTESIAN_POINT ( 'NONE',  ( 172.5721112204732890, 101.6722932218775810, 39.35506135612903478 ) ) ;
#2591 = DIRECTION ( 'NONE',  ( -1.000000000000000000, 0.000000000000000000, 0.000000000000000000 ) ) ;
#2592 = ORIENTED_EDGE ( 'NONE', *, *, #2136, .T. ) ;
#2593 = ORIENTED_EDGE ( 'NONE', *, *, #1958, .T. ) ;
#2594 = CARTESIAN_POINT ( 'NONE',  ( -131.3140646055448997, -79.99999999997994848, 64.25000000000000000 ) ) ;
#2595 = AXIS2_PLACEMENT_3D ( 'NONE', #1308, #52, #369 ) ;
#2596 = CARTESIAN_POINT ( 'NONE',  ( -72.75000000000314060, 138.5640646055217076, 64.25000000000000000 ) ) ;
#2597 = ORIENTED_EDGE ( 'NONE', *, *, #883, .T. ) ;
#2598 = CARTESIAN_POINT ( 'NONE',  ( 0.000000000000000000, 0.000000000000000000, 152.2500000000000000 ) ) ;
#2599 = FACE_OUTER_BOUND ( 'NONE', #950, .T. ) ;
#2600 = ADVANCED_FACE ( 'NONE', ( #197 ), #467, .F. ) ;
#2601 = DIRECTION ( 'NONE',  ( -0.9486832980505137680, 0.3162277660168382187, 0.000000000000000000 ) ) ;
#2602 = AXIS2_PLACEMENT_3D ( 'NONE', #822, #1845, #2111 ) ;
#2603 = AXIS2_PLACEMENT_3D ( 'NONE', #994, #770, #1263 ) ;
#2604 = LINE ( 'NONE', #578, #1221 ) ;
#2605 = EDGE_CURVE ( 'NONE', #3145, #1139, #2677, .T. ) ;
#2606 = CARTESIAN_POINT ( 'NONE',  ( 87.24999999995681321, -138.5640646055217928, 100.7500000000000000 ) ) ;
#2607 = ORIENTED_EDGE ( 'NONE', *, *, #2019, .T. ) ;
#2608 = ORIENTED_EDGE ( 'NONE', *, *, #3024, .F. ) ;
#2609 = CARTESIAN_POINT ( 'NONE',  ( -80.00000000004320100, -138.5640646054986007, 64.25000000000000000 ) ) ;
#2610 = CARTESIAN_POINT ( 'NONE',  ( -80.00000000004320100, -138.5640646054986007, 64.25000000000000000 ) ) ;
#2611 = ORIENTED_EDGE ( 'NONE', *, *, #1028, .F. ) ;
#2612 = CARTESIAN_POINT ( 'NONE',  ( 0.000000000000000000, 0.000000000000000000, 64.25000000000000000 ) ) ;
#2613 = CARTESIAN_POINT ( 'NONE',  ( 99.24999999998424016, -171.9060426512153299, 40.85623948794980720 ) ) ;
#2614 = DIRECTION ( 'NONE',  ( -0.000000000000000000, -0.000000000000000000, -1.000000000000000000 ) ) ;
#2615 = ORIENTED_EDGE ( 'NONE', *, *, #1983, .T. ) ;
#2616 = ORIENTED_EDGE ( 'NONE', *, *, #229, .F. ) ;
#2617 = CARTESIAN_POINT ( 'NONE',  ( 99.24999999998425437, -171.9060426512153299, 36.50000000000000000 ) ) ;
#2618 = EDGE_LOOP ( 'NONE', ( #428, #798 ) ) ;
#2619 = DIRECTION ( 'NONE',  ( -1.000000000000000000, 0.000000000000000000, 0.000000000000000000 ) ) ;
#2620 = EDGE_CURVE ( 'NONE', #1500, #3009, #363, .T. ) ;
#2621 = DIRECTION ( 'NONE',  ( -1.000000000000000000, 0.000000000000000000, 0.000000000000000000 ) ) ;
#2622 = EDGE_CURVE ( 'NONE', #3145, #1366, #930, .T. ) ;
#2623 = CYLINDRICAL_SURFACE ( 'NONE', #1157, 7.249999999999992895 ) ;
#2624 = EDGE_CURVE ( 'NONE', #499, #2589, #2207, .T. ) ;
#2625 = DIRECTION ( 'NONE',  ( -0.000000000000000000, -0.000000000000000000, -1.000000000000000000 ) ) ;
#2626 = EDGE_LOOP ( 'NONE', ( #2300, #2841, #700, #1548 ) ) ;
#2627 = ORIENTED_EDGE ( 'NONE', *, *, #22, .F. ) ;
#2628 = CARTESIAN_POINT ( 'NONE',  ( -191.2500000000084412, 8.426987993387561681E-12, 0.000000000000000000 ) ) ;
#2629 = AXIS2_PLACEMENT_3D ( 'NONE', #2351, #2584, #2564 ) ;
#2630 = AXIS2_PLACEMENT_3D ( 'NONE', #2869, #2337, #1597 ) ;
#2631 = LINE ( 'NONE', #1194, #2759 ) ;
#2632 = PLANE ( 'NONE',  #1614 ) ;
#2633 = CIRCLE ( 'NONE', #2211, 7.249999999999984013 ) ;
#2634 = CARTESIAN_POINT ( 'NONE',  ( 99.24999999998425437, -171.9060426512153299, 36.50000000000000000 ) ) ;
#2635 = CARTESIAN_POINT ( 'NONE',  ( -145.8140646055448997, -79.99999999997994848, 64.25000000000000000 ) ) ;
#2636 = VERTEX_POINT ( 'NONE', #1122 ) ;
#2637 = DIRECTION ( 'NONE',  ( -1.000000000000000000, 0.000000000000000000, 0.000000000000000000 ) ) ;
#2638 = EDGE_CURVE ( 'NONE', #741, #2195, #2146, .T. ) ;
#2639 = ORIENTED_EDGE ( 'NONE', *, *, #642, .F. ) ;
#2640 = CYLINDRICAL_SURFACE ( 'NONE', #972, 180.9999999999999716 ) ;
#2641 = ORIENTED_EDGE ( 'NONE', *, *, #1633, .F. ) ;
#2642 = ORIENTED_EDGE ( 'NONE', *, *, #1217, .F. ) ;
#2643 = EDGE_CURVE ( 'NONE', #2145, #30, #1674, .T. ) ;
#2644 = DIRECTION ( 'NONE',  ( -1.000000000000000000, 0.000000000000000000, 0.000000000000000000 ) ) ;
#2645 = VECTOR ( 'NONE', #2821, 1000.000000000000000 ) ;
#2646 = ORIENTED_EDGE ( 'NONE', *, *, #166, .F. ) ;
#2647 = DIRECTION ( 'NONE',  ( -0.000000000000000000, -0.000000000000000000, -1.000000000000000000 ) ) ;
#2648 = PLANE ( 'NONE',  #2520 ) ;
#2649 = CIRCLE ( 'NONE', #1425, 7.249999999999995559 ) ;
#2650 = CIRCLE ( 'NONE', #3084, 7.250000000000006217 ) ;
#2651 = CLOSED_SHELL ( 'NONE', ( #563, #99, #1396, #1063, #2558, #219, #3218, #3172, #755, #2082, #2802, #1136, #2921, #2855, #1601, #1419, #3107, #2444, #3058, #2910, #1756, #554, #2571, #3238, #1385, #1235, #1458, #120, #1191, #1977, #1352, #2357, #3157, #18, #403, #3176, #161, #2527, #2600, #1566, #784, #2480, #3195, #2770, #2915, #2755, #2324, #1579, #2266, #2135, #95, #285, #942, #388, #2893, #1380, #1172, #3261, #2730, #69, #548, #2262, #2038, #1546, #2239, #2364, #531, #477, #2186, #2362, #2529, #804, #2665, #3078, #616, #1870, #920, #2152, #1921, #2255, #1442, #1140, #1018, #1212, #1823, #3068, #1643, #590, #1526, #158, #3002, #1291, #2372, #1125, #362, #1628, #300, #3253, #3122, #1838, #2037, #577, #958, #1231, #1688, #651, #1831, #3214, #2113, #1984, #1890, #1132, #2139, #852, #1734, #2218 ) ) ;
#2652 = CARTESIAN_POINT ( 'NONE',  ( 173.2591115981893211, 100.7756043931188117, 39.63649040231164378 ) ) ;
#2653 = DIRECTION ( 'NONE',  ( -0.000000000000000000, -0.000000000000000000, -1.000000000000000000 ) ) ;
#2654 = AXIS2_PLACEMENT_3D ( 'NONE', #1655, #2710, #1181 ) ;
#2655 = ORIENTED_EDGE ( 'NONE', *, *, #1624, .F. ) ;
#2656 = CARTESIAN_POINT ( 'NONE',  ( 171.9060426512069171, 99.24999999999258193, 40.85623948794980720 ) ) ;
#2657 = AXIS2_PLACEMENT_3D ( 'NONE', #2296, #23, #2043 ) ;
#2658 = DIRECTION ( 'NONE',  ( -1.000000000000000000, 0.000000000000000000, 0.000000000000000000 ) ) ;
#2659 = ORIENTED_EDGE ( 'NONE', *, *, #558, .F. ) ;
#2660 = CARTESIAN_POINT ( 'NONE',  ( -171.9060426512152731, 99.25000000000731859, 0.000000000000000000 ) ) ;
#2661 = ORIENTED_EDGE ( 'NONE', *, *, #2273, .F. ) ;
#2662 = CARTESIAN_POINT ( 'NONE',  ( 138.5640646054754939, -80.00000000002009415, 100.7500000000000000 ) ) ;
#2663 = EDGE_CURVE ( 'NONE', #1863, #2489, #1987, .T. ) ;
#2664 = FACE_OUTER_BOUND ( 'NONE', #1709, .T. ) ;
#2665 = ADVANCED_FACE ( 'NONE', ( #1459 ), #916, .F. ) ;
#2666 = ORIENTED_EDGE ( 'NONE', *, *, #2221, .T. ) ;
#2667 = CARTESIAN_POINT ( 'NONE',  ( -191.2500000000084412, 8.426987993387561681E-12, 36.50000000000000000 ) ) ;
#2668 = DIRECTION ( 'NONE',  ( -1.000000000000000000, 0.000000000000000000, 0.000000000000000000 ) ) ;
#2669 = CARTESIAN_POINT ( 'NONE',  ( 7.249999999953732122, -160.0000000000000000, 64.25000000000000000 ) ) ;
#2670 = CARTESIAN_POINT ( 'NONE',  ( -145.0000000000000000, 1.775737858763661857E-14, 64.25000000000000000 ) ) ;
#2671 = ORIENTED_EDGE ( 'NONE', *, *, #3163, .F. ) ;
#2672 = DIRECTION ( 'NONE',  ( -1.000000000000000000, 0.000000000000000000, 0.000000000000000000 ) ) ;
#2673 = ORIENTED_EDGE ( 'NONE', *, *, #829, .T. ) ;
#2674 = CARTESIAN_POINT ( 'NONE',  ( 145.8140646054754939, -80.00000000002009415, 64.25000000000000000 ) ) ;
#2675 = ORIENTED_EDGE ( 'NONE', *, *, #2808, .F. ) ;
#2676 = EDGE_LOOP ( 'NONE', ( #381, #1877, #3060, #2144, #533, #3130 ) ) ;
#2677 = LINE ( 'NONE', #165, #2423 ) ;
#2678 = CONICAL_SURFACE ( 'NONE', #1668, 7.249999999999984013, 1.029744258676653201 ) ;
#2679 = ORIENTED_EDGE ( 'NONE', *, *, #1087, .T. ) ;
#2680 = CARTESIAN_POINT ( 'NONE',  ( -138.5640646055217644, 80.00000000002003731, 100.7500000000000000 ) ) ;
#2681 = CONICAL_SURFACE ( 'NONE', #43, 7.249999999999978684, 1.029744258676653423 ) ;
#2682 = CARTESIAN_POINT ( 'NONE',  ( 0.000000000000000000, 0.000000000000000000, 152.2500000000000000 ) ) ;
#2683 = EDGE_CURVE ( 'NONE', #475, #2846, #233, .T. ) ;
#2684 = VECTOR ( 'NONE', #1968, 1000.000000000000114 ) ;
#2686 = ORIENTED_EDGE ( 'NONE', *, *, #2663, .T. ) ;
#2685 = VECTOR ( 'NONE', #2488, 1000.000000000000000 ) ;
#2687 = CARTESIAN_POINT ( 'NONE',  ( 199.3923808271991049, -8.448103328007050550E-12, 40.32004299170555583 ) ) ;
#2688 = DIRECTION ( 'NONE',  ( -1.000000000000000000, 0.000000000000000000, 0.000000000000000000 ) ) ;
#2689 = CONICAL_SURFACE ( 'NONE', #567, 7.249999999999978684, 1.029744258676653423 ) ;
#2690 = EDGE_CURVE ( 'NONE', #2450, #2080, #1727, .T. ) ;
#2691 = CIRCLE ( 'NONE', #2988, 7.249999999999978684 ) ;
#2692 = AXIS2_PLACEMENT_3D ( 'NONE', #1102, #2715, #2658 ) ;
#2693 = CARTESIAN_POINT ( 'NONE',  ( -138.5640646055448997, -79.99999999997994848, 100.7500000000000000 ) ) ;
#2694 = DIRECTION ( 'NONE',  ( -0.000000000000000000, -0.000000000000000000, -1.000000000000000000 ) ) ;
#2695 = ORIENTED_EDGE ( 'NONE', *, *, #2171, .F. ) ;
#2696 = DIRECTION ( 'NONE',  ( -0.000000000000000000, -0.000000000000000000, 1.000000000000000000 ) ) ;
#2697 = DIRECTION ( 'NONE',  ( -0.000000000000000000, -0.000000000000000000, -1.000000000000000000 ) ) ;
#2698 = VERTEX_POINT ( 'NONE', #2231 ) ;
#2699 = CARTESIAN_POINT ( 'NONE',  ( 91.99999999998426858, -171.9060426512153299, 36.50000000000000000 ) ) ;
#2700 = ORIENTED_EDGE ( 'NONE', *, *, #1332, .T. ) ;
#2701 = LINE ( 'NONE', #872, #384 ) ;
#2702 = FACE_OUTER_BOUND ( 'NONE', #2074, .T. ) ;
#2703 = AXIS2_PLACEMENT_3D ( 'NONE', #67, #351, #3090 ) ;
#2704 = EDGE_CURVE ( 'NONE', #2063, #1255, #1403, .T. ) ;
#2705 = CYLINDRICAL_SURFACE ( 'NONE', #685, 7.250000000000006217 ) ;
#2706 = CARTESIAN_POINT ( 'NONE',  ( -185.9999999999999716, 0.000000000000000000, 10.00000000000000000 ) ) ;
#2707 = DIRECTION ( 'NONE',  ( -1.000000000000000000, 0.000000000000000000, 0.000000000000000000 ) ) ;
#2708 = EDGE_CURVE ( 'NONE', #917, #2879, #2004, .T. ) ;
#2709 = VECTOR ( 'NONE', #1608, 1000.000000000000000 ) ;
#2710 = DIRECTION ( 'NONE',  ( -0.000000000000000000, -0.000000000000000000, -1.000000000000000000 ) ) ;
#2711 = VERTEX_POINT ( 'NONE', #2497 ) ;
#2712 = DIRECTION ( 'NONE',  ( -1.000000000000000000, 0.000000000000000000, 0.000000000000000000 ) ) ;
#2713 = AXIS2_PLACEMENT_3D ( 'NONE', #909, #1908, #895 ) ;
#2714 = CONICAL_SURFACE ( 'NONE', #791, 7.249999999999978684, 1.029744258676653423 ) ;
#2715 = DIRECTION ( 'NONE',  ( -0.000000000000000000, -0.000000000000000000, -1.000000000000000000 ) ) ;
#2716 = ORIENTED_EDGE ( 'NONE', *, *, #2484, .F. ) ;
#2717 = CARTESIAN_POINT ( 'NONE',  ( 177.0911073982000232, 95.50063648213780709, 37.01497707840260887 ) ) ;
#2718 = EDGE_CURVE ( 'NONE', #1465, #409, #1460, .T. ) ;
#2719 = ORIENTED_EDGE ( 'NONE', *, *, #110, .F. ) ;
#2720 = FACE_OUTER_BOUND ( 'NONE', #3026, .T. ) ;
#2721 = FACE_BOUND ( 'NONE', #2105, .T. ) ;
#2722 = EDGE_LOOP ( 'NONE', ( #2379, #1143, #2153, #2883 ) ) ;
#2723 = ORIENTED_EDGE ( 'NONE', *, *, #1952, .F. ) ;
#2724 = CARTESIAN_POINT ( 'NONE',  ( -4.626713374904048374E-11, -160.0000000000000000, 100.7500000000000000 ) ) ;
#2725 = CARTESIAN_POINT ( 'NONE',  ( -99.25000000001577405, -171.9060426512068318, 26.12499999999997513 ) ) ;
#2726 = DIRECTION ( 'NONE',  ( -1.000000000000000000, 0.000000000000000000, 0.000000000000000000 ) ) ;
#2727 = CARTESIAN_POINT ( 'NONE',  ( 152.7499999999768647, -2.315316122330659707E-11, 64.25000000000000000 ) ) ;
#2728 = CARTESIAN_POINT ( 'NONE',  ( 0.000000000000000000, 0.000000000000000000, 10.00000000000000000 ) ) ;
#2729 = EDGE_CURVE ( 'NONE', #1726, #1927, #1514, .T. ) ;
#2730 = ADVANCED_FACE ( 'NONE', ( #248 ), #982, .F. ) ;
#2731 = PERSON_AND_ORGANIZATION ( #1099, #2797 ) ;
#2732 = VERTEX_POINT ( 'NONE', #1133 ) ;
#2733 = CARTESIAN_POINT ( 'NONE',  ( 199.3826207921142384, 0.3396816132705862135, 40.29482267862828593 ) ) ;
#2734 = CARTESIAN_POINT ( 'NONE',  ( -1.685220024891636166E-11, -198.5000000000000000, 36.50000000000000000 ) ) ;
#2735 = VERTEX_POINT ( 'NONE', #2932 ) ;
#2736 = DIRECTION ( 'NONE',  ( -0.000000000000000000, -0.000000000000000000, -1.000000000000000000 ) ) ;
#2737 = DIRECTION ( 'NONE',  ( -1.000000000000000000, 0.000000000000000000, 0.000000000000000000 ) ) ;
#2738 = AXIS2_PLACEMENT_3D ( 'NONE', #971, #510, #1785 ) ;
#2739 = FACE_OUTER_BOUND ( 'NONE', #1120, .T. ) ;
#2740 = DIRECTION ( 'NONE',  ( 1.000000000000000000, 0.000000000000000000, 0.000000000000000000 ) ) ;
#2741 = CONICAL_SURFACE ( 'NONE', #3165, 7.249999999999978684, 1.029744258676653423 ) ;
#2742 = VERTEX_POINT ( 'NONE', #209 ) ;
#2743 = CIRCLE ( 'NONE', #313, 7.250000000000006217 ) ;
#2744 = DIRECTION ( 'NONE',  ( -0.000000000000000000, -0.000000000000000000, -1.000000000000000000 ) ) ;
#2745 = FACE_OUTER_BOUND ( 'NONE', #1044, .T. ) ;
#2746 = AXIS2_PLACEMENT_3D ( 'NONE', #3116, #1304, #1826 ) ;
#2747 = ORIENTED_EDGE ( 'NONE', *, *, #594, .F. ) ;
#2748 = EDGE_CURVE ( 'NONE', #125, #2742, #96, .T. ) ;
#2749 = CARTESIAN_POINT ( 'NONE',  ( 199.3544285901997455, 1.300651743586819897, 39.92996939514920030 ) ) ;
#2750 = ORIENTED_EDGE ( 'NONE', *, *, #2808, .T. ) ;
#2751 = DIRECTION ( 'NONE',  ( -0.000000000000000000, -0.000000000000000000, -1.000000000000000000 ) ) ;
#2752 = ORIENTED_EDGE ( 'NONE', *, *, #1747, .F. ) ;
#2753 = CYLINDRICAL_SURFACE ( 'NONE', #115, 7.249999999999978684 ) ;
#2754 = CARTESIAN_POINT ( 'NONE',  ( 0.000000000000000000, 0.000000000000000000, 64.25000000000000000 ) ) ;
#2755 = ADVANCED_FACE ( 'NONE', ( #1438 ), #3173, .F. ) ;
#2756 = DIRECTION ( 'NONE',  ( 0.8571673007021121116, 1.049727191138618449E-16, -0.5150380749100544886 ) ) ;
#2757 = CARTESIAN_POINT ( 'NONE',  ( -97.30477473098254393, -167.5650750896724617, 38.01228131935229726 ) ) ;
#2758 = ORIENTED_EDGE ( 'NONE', *, *, #288, .T. ) ;
#2759 = VECTOR ( 'NONE', #3200, 1000.000000000000000 ) ;
#2760 = LINE ( 'NONE', #1523, #1640 ) ;
#2761 = FACE_OUTER_BOUND ( 'NONE', #132, .T. ) ;
#2762 = AXIS2_PLACEMENT_3D ( 'NONE', #201, #1144, #2166 ) ;
#2763 = CALENDAR_DATE ( 2026, 19, 4 ) ;
#2764 = ORIENTED_EDGE ( 'NONE', *, *, #849, .F. ) ;
#2765 = CARTESIAN_POINT ( 'NONE',  ( -138.5640646055448997, -79.99999999997994848, 64.25000000000000000 ) ) ;
#2766 = AXIS2_PLACEMENT_3D ( 'NONE', #485, #956, #1788 ) ;
#2767 = DIRECTION ( 'NONE',  ( -1.000000000000000000, 0.000000000000000000, 0.000000000000000000 ) ) ;
#2768 = ORIENTED_EDGE ( 'NONE', *, *, #2663, .F. ) ;
#2769 = DIRECTION ( 'NONE',  ( -0.000000000000000000, -0.000000000000000000, -1.000000000000000000 ) ) ;
#2770 = ADVANCED_FACE ( 'NONE', ( #894 ), #157, .F. ) ;
#2771 = ORIENTED_EDGE ( 'NONE', *, *, #225, .F. ) ;
#2772 = EDGE_CURVE ( 'NONE', #1430, #404, #1024, .T. ) ;
#2773 = FACE_OUTER_BOUND ( 'NONE', #1896, .T. ) ;
#2774 = CARTESIAN_POINT ( 'NONE',  ( -98.20532429496307714, -167.2648919016790217, 38.01204476937485310 ) ) ;
#2775 = ORIENTED_EDGE ( 'NONE', *, *, #2831, .F. ) ;
#2776 = DIRECTION ( 'NONE',  ( -1.000000000000000000, 0.000000000000000000, 0.000000000000000000 ) ) ;
#2777 = CARTESIAN_POINT ( 'NONE',  ( 6.735557395310149159E-14, -200.0000000000000568, 39.95494855940844303 ) ) ;
#2778 = AXIS2_PLACEMENT_3D ( 'NONE', #426, #2696, #2210 ) ;
#2779 = EDGE_LOOP ( 'NONE', ( #359, #80, #3229, #1295 ) ) ;
#2780 = CARTESIAN_POINT ( 'NONE',  ( 138.5640646054754939, -80.00000000002009415, 105.1062394879498072 ) ) ;
#2781 = ORIENTED_EDGE ( 'NONE', *, *, #3100, .T. ) ;
#2782 = CARTESIAN_POINT ( 'NONE',  ( 198.4999999999915872, -8.450409363421256829E-12, 36.50000000000000000 ) ) ;
#2783 = DIRECTION ( 'NONE',  ( -1.000000000000000000, 0.000000000000000000, 0.000000000000000000 ) ) ;
#2784 = EDGE_CURVE ( 'NONE', #1334, #1827, #2474, .T. ) ;
#2785 = DIRECTION ( 'NONE',  ( 0.8571673007021117785, 1.049727191138617956E-16, -0.5150380749100550437 ) ) ;
#2786 = CIRCLE ( 'NONE', #305, 7.250000000000006217 ) ;
#2787 = ORIENTED_EDGE ( 'NONE', *, *, #1777, .T. ) ;
#2788 = DIRECTION ( 'NONE',  ( -0.000000000000000000, -0.000000000000000000, -1.000000000000000000 ) ) ;
#2789 = VERTEX_POINT ( 'NONE', #2669 ) ;
#2790 = FACE_OUTER_BOUND ( 'NONE', #302, .T. ) ;
#2791 = APPROVAL_PERSON_ORGANIZATION ( #1236, #670, #2793 ) ;
#2792 = AXIS2_PLACEMENT_3D ( 'NONE', #604, #1323, #1829 ) ;
#2793 = APPROVAL_ROLE ( '' ) ;
#2794 = ORIENTED_EDGE ( 'NONE', *, *, #2622, .F. ) ;
#2795 = AXIS2_PLACEMENT_3D ( 'NONE', #2066, #2625, #1013 ) ;
#2796 = CARTESIAN_POINT ( 'NONE',  ( 177.5963523492672493, 94.75746446422205338, 26.12500000000000711 ) ) ;
#2797 = ORGANIZATION ( 'UNSPECIFIED', 'UNSPECIFIED', '' ) ;
#2798 = ORIENTED_EDGE ( 'NONE', *, *, #1588, .F. ) ;
#2799 = CARTESIAN_POINT ( 'NONE',  ( 79.99999999999697309, 138.5640646054985723, 64.25000000000000000 ) ) ;
#2800 = CARTESIAN_POINT ( 'NONE',  ( -80.00000000004320100, -138.5640646054986007, 100.7500000000000000 ) ) ;
#2801 = CARTESIAN_POINT ( 'NONE',  ( -99.55947837686939295, -166.8135072077102450, 37.80293055960675019 ) ) ;
#2802 = ADVANCED_FACE ( 'NONE', ( #1705 ), #1689, .F. ) ;
#2803 = EDGE_LOOP ( 'NONE', ( #2089, #1744, #921, #2764 ) ) ;
#2804 = ORIENTED_EDGE ( 'NONE', *, *, #2060, .F. ) ;
#2805 = LINE ( 'NONE', #1009, #1318 ) ;
#2806 = CARTESIAN_POINT ( 'NONE',  ( 179.1560426511983906, -99.25000000000737543, 36.50000000000000000 ) ) ;
#2807 = AXIS2_PLACEMENT_3D ( 'NONE', #2975, #691, #1703 ) ;
#2808 = EDGE_CURVE ( 'NONE', #1656, #2698, #2743, .T. ) ;
#2809 = VECTOR ( 'NONE', #524, 1000.000000000000000 ) ;
#2810 = ORIENTED_EDGE ( 'NONE', *, *, #3151, .T. ) ;
#2811 = CARTESIAN_POINT ( 'NONE',  ( -160.0000000000231353, 2.313356687452024187E-11, 64.25000000000000000 ) ) ;
#2812 = EDGE_CURVE ( 'NONE', #1492, #1255, #191, .T. ) ;
#2813 = CIRCLE ( 'NONE', #386, 7.249999999999978684 ) ;
#2814 = AXIS2_PLACEMENT_3D ( 'NONE', #2467, #217, #3067 ) ;
#2815 = DIRECTION ( 'NONE',  ( 0.8571673007021121116, 1.049727191138618449E-16, -0.5150380749100544886 ) ) ;
#2816 = ORIENTED_EDGE ( 'NONE', *, *, #1110, .F. ) ;
#2817 = AXIS2_PLACEMENT_3D ( 'NONE', #1351, #2413, #3146 ) ;
#2818 = DIRECTION ( 'NONE',  ( -0.000000000000000000, -0.000000000000000000, -1.000000000000000000 ) ) ;
#2819 = CONICAL_SURFACE ( 'NONE', #745, 7.249999999999978684, 1.029744258676652535 ) ;
#2820 = EDGE_CURVE ( 'NONE', #1656, #1726, #1719, .T. ) ;
#2821 = DIRECTION ( 'NONE',  ( -0.8571673007021117785, 0.000000000000000000, -0.5150380749100550437 ) ) ;
#2822 = CARTESIAN_POINT ( 'NONE',  ( -94.21133641504279410, -168.5962211949857306, 37.26485779807605780 ) ) ;
#2823 = EDGE_LOOP ( 'NONE', ( #2187, #3202, #1393 ) ) ;
#2824 = VERTEX_POINT ( 'NONE', #1402 ) ;
#2825 = DIRECTION ( 'NONE',  ( -0.000000000000000000, -0.000000000000000000, -1.000000000000000000 ) ) ;
#2826 = CYLINDRICAL_SURFACE ( 'NONE', #897, 7.249999999999992895 ) ;
#2827 = EDGE_LOOP ( 'NONE', ( #1421, #1935, #1990, #1300 ) ) ;
#2828 = ORIENTED_EDGE ( 'NONE', *, *, #2620, .F. ) ;
#2829 = CARTESIAN_POINT ( 'NONE',  ( 171.9060426511984190, -99.25000000000737543, 0.000000000000000000 ) ) ;
#2830 = EDGE_CURVE ( 'NONE', #346, #602, #178, .T. ) ;
#2831 = EDGE_CURVE ( 'NONE', #494, #2310, #1166, .T. ) ;
#2832 = AXIS2_PLACEMENT_3D ( 'NONE', #440, #193, #2966 ) ;
#2833 = CYLINDRICAL_SURFACE ( 'NONE', #48, 185.9999999999999716 ) ;
#2834 = ORIENTED_EDGE ( 'NONE', *, *, #1521, .F. ) ;
#2835 = CARTESIAN_POINT ( 'NONE',  ( -138.5640646055217644, 80.00000000002003731, 105.1062394879498072 ) ) ;
#2836 = CARTESIAN_POINT ( 'NONE',  ( -87.25000000004320100, -138.5640646054986007, 64.25000000000000000 ) ) ;
#2837 = DIRECTION ( 'NONE',  ( 0.000000000000000000, 0.000000000000000000, 1.000000000000000000 ) ) ;
#2838 = EDGE_CURVE ( 'NONE', #2381, #2269, #2852, .T. ) ;
#2839 = VECTOR ( 'NONE', #835, 1000.000000000000000 ) ;
#2840 = ORIENTED_EDGE ( 'NONE', *, *, #1876, .F. ) ;
#2841 = ORIENTED_EDGE ( 'NONE', *, *, #2094, .F. ) ;
#2842 = CARTESIAN_POINT ( 'NONE',  ( -211.0000000000000284, 0.000000000000000000, 152.2500000000000000 ) ) ;
#2843 = CARTESIAN_POINT ( 'NONE',  ( -0.4047987165430545486, -199.8650670944857097, 40.01024701352499591 ) ) ;
#2844 = AXIS2_PLACEMENT_3D ( 'NONE', #1054, #832, #2119 ) ;
#2845 = AXIS2_PLACEMENT_3D ( 'NONE', #633, #890, #1951 ) ;
#2846 = VERTEX_POINT ( 'NONE', #940 ) ;
#2847 = LINE ( 'NONE', #1482, #1429 ) ;
#2848 = VECTOR ( 'NONE', #1239, 1000.000000000000000 ) ;
#2849 = EDGE_CURVE ( 'NONE', #2283, #2022, #2961, .T. ) ;
#2850 = CARTESIAN_POINT ( 'NONE',  ( 7.249999999983131715, -198.5000000000000000, 36.50000000000000000 ) ) ;
#2851 = ORIENTED_EDGE ( 'NONE', *, *, #927, .F. ) ;
#2852 = CIRCLE ( 'NONE', #416, 7.250000000000006217 ) ;
#2853 = LINE ( 'NONE', #2628, #1071 ) ;
#2854 = DIRECTION ( 'NONE',  ( -0.000000000000000000, -0.000000000000000000, -1.000000000000000000 ) ) ;
#2855 = ADVANCED_FACE ( 'NONE', ( #2458 ), #1141, .F. ) ;
#2856 = CARTESIAN_POINT ( 'NONE',  ( 199.4600878922977927, -2.131705078810149701, 26.12500000000000355 ) ) ;
#2857 = ORIENTED_EDGE ( 'NONE', *, *, #2319, .T. ) ;
#2858 = EDGE_LOOP ( 'NONE', ( #356, #2865, #1933 ) ) ;
#2859 = DIRECTION ( 'NONE',  ( -0.000000000000000000, -0.000000000000000000, -1.000000000000000000 ) ) ;
#2860 = EDGE_LOOP ( 'NONE', ( #3231, #1573, #2251, #1751 ) ) ;
#2861 = FACE_OUTER_BOUND ( 'NONE', #1949, .T. ) ;
#2862 = ORIENTED_EDGE ( 'NONE', *, *, #887, .F. ) ;
#2863 = EDGE_LOOP ( 'NONE', ( #1527, #1226, #2505 ) ) ;
#2864 = DIRECTION ( 'NONE',  ( 9.184850993605160763E-17, 1.000000000000000000, 0.000000000000000000 ) ) ;
#2865 = ORIENTED_EDGE ( 'NONE', *, *, #2831, .T. ) ;
#2866 = AXIS2_PLACEMENT_3D ( 'NONE', #3272, #970, #1753 ) ;
#2867 = CYLINDRICAL_SURFACE ( 'NONE', #2103, 7.249999999999992895 ) ;
#2868 = VERTEX_POINT ( 'NONE', #1418 ) ;
#2869 = CARTESIAN_POINT ( 'NONE',  ( 0.000000000000000000, 0.000000000000000000, 64.25000000000000000 ) ) ;
#2870 = AXIS2_PLACEMENT_3D ( 'NONE', #3113, #107, #2141 ) ;
#2871 = B_SPLINE_CURVE_WITH_KNOTS ( 'NONE', 3,
 ( #2459, #2999, #472, #1473, #676, #1923, #1981, #3242, #2491, #439, #1439, #1219, #1404, #1706 ),
 .UNSPECIFIED., .F., .F.,
 ( 4, 2, 2, 2, 2, 2, 4 ),
 ( 3.469446951953614189E-18, 0.004081851334092214019, 0.006122777001138317993, 0.007143239834661374750, 0.007653471251422901828, 0.007908586959803664065, 0.008163702668184424568 ),
 .UNSPECIFIED. ) ;
#2872 = CARTESIAN_POINT ( 'NONE',  ( 79.99999999999695888, 138.5640646054985723, 105.1062394879498072 ) ) ;
#2873 = FACE_OUTER_BOUND ( 'NONE', #1277, .T. ) ;
#2874 = EDGE_CURVE ( 'NONE', #2912, #2145, #654, .T. ) ;
#2875 = EDGE_CURVE ( 'NONE', #2732, #3148, #2963, .T. ) ;
#2876 = CARTESIAN_POINT ( 'NONE',  ( 79.99999999995681321, -138.5640646055217928, 100.7500000000000000 ) ) ;
#2877 = DIRECTION ( 'NONE',  ( -0.000000000000000000, -0.000000000000000000, -1.000000000000000000 ) ) ;
#2878 = EDGE_CURVE ( 'NONE', #2028, #3126, #2633, .T. ) ;
#2879 = VERTEX_POINT ( 'NONE', #761 ) ;
#2880 = ORIENTED_EDGE ( 'NONE', *, *, #306, .F. ) ;
#2881 = LINE ( 'NONE', #2431, #1857 ) ;
#2882 = CARTESIAN_POINT ( 'NONE',  ( 91.99999999999899103, 171.9060426512068318, 36.50000000000000000 ) ) ;
#2883 = ORIENTED_EDGE ( 'NONE', *, *, #2849, .T. ) ;
#2884 = B_SPLINE_CURVE_WITH_KNOTS ( 'NONE', 3,
 ( #1454, #2948, #3193, #896, #1924, #1422, #516, #1010, #565, #1041, #2044, #2843, #1281, #2777 ),
 .UNSPECIFIED., .F., .F.,
 ( 4, 2, 2, 2, 2, 2, 4 ),
 ( 0.003286006925994159125, 0.004579856825614674921, 0.005873706725235190718, 0.006520631675045459458, 0.007167556624855729065, 0.007814481574665996938, 0.008461406524476267413 ),
 .UNSPECIFIED. ) ;
#2885 = LINE ( 'NONE', #2116, #765 ) ;
#2886 = AXIS2_PLACEMENT_3D ( 'NONE', #910, #943, #2193 ) ;
#2887 = CARTESIAN_POINT ( 'NONE',  ( -80.00000000000314060, 138.5640646055217076, 64.25000000000000000 ) ) ;
#2888 = CARTESIAN_POINT ( 'NONE',  ( 199.5768906246193239, -7.169575062910615415, 26.12500000000000355 ) ) ;
#2889 = EDGE_CURVE ( 'NONE', #1605, #349, #367, .T. ) ;
#2890 = CARTESIAN_POINT ( 'NONE',  ( 138.5640646054754939, -80.00000000002009415, 100.7500000000000000 ) ) ;
#2891 = CARTESIAN_POINT ( 'NONE',  ( 72.74999999999698730, 138.5640646054985723, 100.7500000000000000 ) ) ;
#2892 = CC_DESIGN_PERSON_AND_ORGANIZATION_ASSIGNMENT ( #1477, #713, ( #3121 ) ) ;
#2893 = ADVANCED_FACE ( 'NONE', ( #733 ), #2991, .F. ) ;
#2894 = ORIENTED_EDGE ( 'NONE', *, *, #32, .T. ) ;
#2895 = DIRECTION ( 'NONE',  ( -0.000000000000000000, -0.000000000000000000, -1.000000000000000000 ) ) ;
#2896 = EDGE_CURVE ( 'NONE', #2080, #145, #1836, .T. ) ;
#2897 = ORIENTED_EDGE ( 'NONE', *, *, #2029, .F. ) ;
#2898 = CIRCLE ( 'NONE', #1884, 7.249999999999992895 ) ;
#2899 = FACE_OUTER_BOUND ( 'NONE', #864, .T. ) ;
#2900 = ORIENTED_EDGE ( 'NONE', *, *, #1533, .F. ) ;
#2901 = CARTESIAN_POINT ( 'NONE',  ( -152.7500000000231068, 2.313445474344962434E-11, 64.25000000000000000 ) ) ;
#2902 = VECTOR ( 'NONE', #3286, 1000.000000000000000 ) ;
#2903 = DESIGN_CONTEXT ( 'detailed design', #1630, 'design' ) ;
#2904 = AXIS2_PLACEMENT_3D ( 'NONE', #451, #1150, #675 ) ;
#2905 = DIRECTION ( 'NONE',  ( -1.000000000000000000, 0.000000000000000000, 0.000000000000000000 ) ) ;
#2906 = DIRECTION ( 'NONE',  ( -0.000000000000000000, -0.000000000000000000, -1.000000000000000000 ) ) ;
#2907 = AXIS2_PLACEMENT_3D ( 'NONE', #2232, #3249, #2302 ) ;
#2908 = CARTESIAN_POINT ( 'NONE',  ( -99.25000000000019895, 171.9060426512109530, 36.50000000000000000 ) ) ;
#2909 = DIRECTION ( 'NONE',  ( -0.000000000000000000, -0.000000000000000000, -1.000000000000000000 ) ) ;
#2910 = ADVANCED_FACE ( 'NONE', ( #964 ), #1269, .F. ) ;
#2911 = ORIENTED_EDGE ( 'NONE', *, *, #613, .F. ) ;
#2912 = VERTEX_POINT ( 'NONE', #2796 ) ;
#2913 = CARTESIAN_POINT ( 'NONE',  ( 72.74999999995682742, -138.5640646055217928, 64.25000000000000000 ) ) ;
#2914 = EDGE_CURVE ( 'NONE', #3039, #1119, #460, .T. ) ;
#2915 = ADVANCED_FACE ( 'NONE', ( #215 ), #2689, .F. ) ;
#2916 = CARTESIAN_POINT ( 'NONE',  ( 145.8140646054986860, 79.99999999997986322, 100.7500000000000000 ) ) ;
#2917 = VERTEX_POINT ( 'NONE', #1989 ) ;
#2918 = ORIENTED_EDGE ( 'NONE', *, *, #1849, .F. ) ;
#2919 = DIRECTION ( 'NONE',  ( -0.000000000000000000, -0.000000000000000000, -1.000000000000000000 ) ) ;
#2920 = AXIS2_PLACEMENT_3D ( 'NONE', #257, #497, #2293 ) ;
#2921 = ADVANCED_FACE ( 'NONE', ( #3004 ), #1256, .F. ) ;
#2922 = ORIENTED_EDGE ( 'NONE', *, *, #696, .T. ) ;
#2923 = CIRCLE ( 'NONE', #987, 7.249999999999998224 ) ;
#2924 = DIRECTION ( 'NONE',  ( -0.000000000000000000, -0.000000000000000000, -1.000000000000000000 ) ) ;
#2925 = CARTESIAN_POINT ( 'NONE',  ( -7.249999999999988454, 198.5000000000000000, -6.674325055353047628E-16 ) ) ;
#2926 = EDGE_CURVE ( 'NONE', #2495, #409, #718, .T. ) ;
#2927 = VECTOR ( 'NONE', #1631, 1000.000000000000000 ) ;
#2928 = VECTOR ( 'NONE', #345, 1000.000000000000000 ) ;
#2929 = DIRECTION ( 'NONE',  ( -1.000000000000000000, 0.000000000000000000, 0.000000000000000000 ) ) ;
#2930 = AXIS2_PLACEMENT_3D ( 'NONE', #2543, #2559, #1284 ) ;
#2931 = CARTESIAN_POINT ( 'NONE',  ( 198.4999999999915872, -8.450409363421256829E-12, 26.12500000000000355 ) ) ;
#2932 = CARTESIAN_POINT ( 'NONE',  ( 164.6560426512069455, 99.24999999999258193, -6.674325055353047628E-16 ) ) ;
#2933 = CARTESIAN_POINT ( 'NONE',  ( -106.5000000000001847, 171.9060426512109530, 0.000000000000000000 ) ) ;
#2934 = CARTESIAN_POINT ( 'NONE',  ( -9.201392156973845770E-15, 198.5000000000000000, 40.85623948794980720 ) ) ;
#2935 = DIRECTION ( 'NONE',  ( -0.000000000000000000, -0.000000000000000000, -1.000000000000000000 ) ) ;
#2936 = EDGE_LOOP ( 'NONE', ( #2303, #1282, #63, #625, #1146, #3281 ) ) ;
#2937 = EDGE_CURVE ( 'NONE', #1559, #475, #2286, .T. ) ;
#2938 = ORIENTED_EDGE ( 'NONE', *, *, #2513, .F. ) ;
#2939 = FACE_OUTER_BOUND ( 'NONE', #174, .T. ) ;
#2940 = EDGE_LOOP ( 'NONE', ( #687, #3129, #2974 ) ) ;
#2941 = DIRECTION ( 'NONE',  ( -1.000000000000000000, 0.000000000000000000, 0.000000000000000000 ) ) ;
#2942 = CYLINDRICAL_SURFACE ( 'NONE', #1020, 7.250000000000006217 ) ;
#2943 = VERTEX_POINT ( 'NONE', #2499 ) ;
#2944 = DIRECTION ( 'NONE',  ( 1.000000000000000000, 0.000000000000000000, -0.000000000000000000 ) ) ;
#2945 = DIRECTION ( 'NONE',  ( 0.000000000000000000, 0.000000000000000000, -1.000000000000000000 ) ) ;
#2946 = CARTESIAN_POINT ( 'NONE',  ( 171.9060426511984190, -99.25000000000737543, -6.674325055353047628E-16 ) ) ;
#2947 = DIRECTION ( 'NONE',  ( -0.000000000000000000, -0.000000000000000000, -1.000000000000000000 ) ) ;
#2948 = CARTESIAN_POINT ( 'NONE',  ( -4.144536222504962453, -198.6184879258317153, 38.36595088772345719 ) ) ;
#2949 = DIRECTION ( 'NONE',  ( -0.000000000000000000, -0.000000000000000000, -1.000000000000000000 ) ) ;
#2950 = EDGE_LOOP ( 'NONE', ( #76, #2165 ) ) ;
#2951 = DIRECTION ( 'NONE',  ( -0.000000000000000000, -0.000000000000000000, -1.000000000000000000 ) ) ;
#2952 = ORIENTED_EDGE ( 'NONE', *, *, #2486, .T. ) ;
#2953 = VECTOR ( 'NONE', #2432, 1000.000000000000114 ) ;
#2954 = DIRECTION ( 'NONE',  ( -0.000000000000000000, -0.000000000000000000, -1.000000000000000000 ) ) ;
#2955 = CIRCLE ( 'NONE', #1343, 7.250000000000006217 ) ;
#2956 = DIRECTION ( 'NONE',  ( -0.000000000000000000, -0.000000000000000000, -1.000000000000000000 ) ) ;
#2957 = EDGE_CURVE ( 'NONE', #1780, #998, #521, .T. ) ;
#2958 = ORIENTED_EDGE ( 'NONE', *, *, #1069, .F. ) ;
#2959 = CARTESIAN_POINT ( 'NONE',  ( 138.5640646054986860, 79.99999999997986322, 64.25000000000000000 ) ) ;
#2960 = CYLINDRICAL_SURFACE ( 'NONE', #1237, 7.249999999999997335 ) ;
#2961 = CIRCLE ( 'NONE', #869, 7.249999999999978684 ) ;
#2962 = APPROVAL_PERSON_ORGANIZATION ( #2462, #978, #194 ) ;
#2963 = LINE ( 'NONE', #2206, #1245 ) ;
#2964 = CARTESIAN_POINT ( 'NONE',  ( 0.000000000000000000, 0.000000000000000000, 152.2500000000000000 ) ) ;
#2965 = ORIENTED_EDGE ( 'NONE', *, *, #465, .F. ) ;
#2966 = DIRECTION ( 'NONE',  ( -1.000000000000000000, 0.000000000000000000, 0.000000000000000000 ) ) ;
#2967 = DIRECTION ( 'NONE',  ( -1.000000000000000000, 0.000000000000000000, 0.000000000000000000 ) ) ;
#2968 = EDGE_LOOP ( 'NONE', ( #572, #1305, #2511, #2148 ) ) ;
#2969 = CARTESIAN_POINT ( 'NONE',  ( 174.4043561132602917, 99.24999999999256772, 39.35510131461555261 ) ) ;
#2970 = ORIENTED_EDGE ( 'NONE', *, *, #2041, .F. ) ;
#2971 = CARTESIAN_POINT ( 'NONE',  ( -164.6560426512237711, -99.24999999999269562, 0.000000000000000000 ) ) ;
#2972 = DIRECTION ( 'NONE',  ( -0.000000000000000000, -0.000000000000000000, -1.000000000000000000 ) ) ;
#2973 = AXIS2_PLACEMENT_3D ( 'NONE', #2011, #19, #509 ) ;
#2974 = ORIENTED_EDGE ( 'NONE', *, *, #1876, .T. ) ;
#2975 = CARTESIAN_POINT ( 'NONE',  ( 0.000000000000000000, 198.5000000000000000, 0.000000000000000000 ) ) ;
#2976 = EDGE_CURVE ( 'NONE', #969, #2912, #769, .T. ) ;
#2977 = CARTESIAN_POINT ( 'NONE',  ( -160.0000000000231353, 2.313356687452024187E-11, 100.7500000000000000 ) ) ;
#2978 = AXIS2_PLACEMENT_3D ( 'NONE', #2724, #1450, #673 ) ;
#2979 = DIRECTION ( 'NONE',  ( -0.000000000000000000, -0.000000000000000000, -1.000000000000000000 ) ) ;
#2980 = AXIS2_PLACEMENT_3D ( 'NONE', #2578, #1794, #803 ) ;
#2981 = CARTESIAN_POINT ( 'NONE',  ( -145.8140646055217644, 80.00000000002003731, 64.25000000000000000 ) ) ;
#2982 = EDGE_CURVE ( 'NONE', #1278, #741, #931, .T. ) ;
#2983 = ORIENTED_EDGE ( 'NONE', *, *, #324, .F. ) ;
#2984 = DIRECTION ( 'NONE',  ( -0.000000000000000000, -0.000000000000000000, -1.000000000000000000 ) ) ;
#2985 = AXIS2_PLACEMENT_3D ( 'NONE', #2964, #2744, #1453 ) ;
#2986 = DATE_AND_TIME ( #1204, #2007 ) ;
#2987 = ORIENTED_EDGE ( 'NONE', *, *, #1528, .F. ) ;
#2988 = AXIS2_PLACEMENT_3D ( 'NONE', #450, #1979, #3187 ) ;
#2989 = CARTESIAN_POINT ( 'NONE',  ( 87.24999999999697309, 138.5640646054985723, 100.7500000000000000 ) ) ;
#2990 = CIRCLE ( 'NONE', #1434, 7.249999999999992895 ) ;
#2991 = CYLINDRICAL_SURFACE ( 'NONE', #2268, 7.249999999999978684 ) ;
#2992 = VERTEX_POINT ( 'NONE', #2780 ) ;
#2993 = CARTESIAN_POINT ( 'NONE',  ( -4.626713374904048374E-11, -160.0000000000000000, 64.25000000000000000 ) ) ;
#2994 = DIRECTION ( 'NONE',  ( 0.8571673007021117785, 1.049727191138617956E-16, -0.5150380749100550437 ) ) ;
#2995 = EDGE_LOOP ( 'NONE', ( #1763, #2057, #1329 ) ) ;
#2996 = FACE_OUTER_BOUND ( 'NONE', #2521, .T. ) ;
#2997 = FACE_OUTER_BOUND ( 'NONE', #1319, .T. ) ;
#2998 = DIRECTION ( 'NONE',  ( -0.000000000000000000, -0.000000000000000000, -1.000000000000000000 ) ) ;
#2999 = CARTESIAN_POINT ( 'NONE',  ( 199.5498009686382659, -6.001159204532070746, 37.19668485927102353 ) ) ;
#3000 = CARTESIAN_POINT ( 'NONE',  ( 179.1560426512069171, 99.24999999999258193, -6.674325055353047628E-16 ) ) ;
#3001 = EDGE_LOOP ( 'NONE', ( #2719, #960, #1954, #148 ) ) ;
#3002 = ADVANCED_FACE ( 'NONE', ( #1712 ), #1516, .F. ) ;
#3003 = CARTESIAN_POINT ( 'NONE',  ( 199.3923808271991049, -8.448103328007050550E-12, 40.32004299170555583 ) ) ;
#3004 = FACE_OUTER_BOUND ( 'NONE', #507, .T. ) ;
#3005 = ORIENTED_EDGE ( 'NONE', *, *, #689, .T. ) ;
#3006 = DIRECTION ( 'NONE',  ( -0.8571673007021128887, 0.000000000000000000, -0.5150380749100530453 ) ) ;
#3007 = CARTESIAN_POINT ( 'NONE',  ( 7.249999999999998224, 160.0000000000000000, 64.25000000000000000 ) ) ;
#3008 = CONICAL_SURFACE ( 'NONE', #3057, 7.249999999999978684, 1.029744258676653423 ) ;
#3009 = VERTEX_POINT ( 'NONE', #2248 ) ;
#3010 = CARTESIAN_POINT ( 'NONE',  ( -7.250000000016839863, -198.5000000000000000, -6.674325055353047628E-16 ) ) ;
#3011 = CARTESIAN_POINT ( 'NONE',  ( -96.18209394123422840, -167.9393020195886095, 37.84618888845442086 ) ) ;
#3012 = VECTOR ( 'NONE', #1339, 1000.000000000000114 ) ;
#3013 = ORIENTED_EDGE ( 'NONE', *, *, #2382, .F. ) ;
#3014 = AXIS2_PLACEMENT_3D ( 'NONE', #269, #1000, #1529 ) ;
#3015 = LINE ( 'NONE', #728, #1805 ) ;
#3016 = LINE ( 'NONE', #2476, #1331 ) ;
#3017 = VECTOR ( 'NONE', #1969, 1000.000000000000000 ) ;
#3018 = PERSON_AND_ORGANIZATION_ROLE ( 'creator' ) ;
#3019 = ORIENTED_EDGE ( 'NONE', *, *, #35, .F. ) ;
#3020 = CARTESIAN_POINT ( 'NONE',  ( 199.3874710701934703, 0.1715722608123914639, 40.32299307133931876 ) ) ;
#3021 = EDGE_CURVE ( 'NONE', #2401, #1609, #249, .T. ) ;
#3022 = CARTESIAN_POINT ( 'NONE',  ( 131.3140646054986860, 79.99999999997986322, 100.7500000000000000 ) ) ;
#3023 = VERTEX_POINT ( 'NONE', #2270 ) ;
#3024 = EDGE_CURVE ( 'NONE', #1554, #815, #504, .T. ) ;
#3025 = CARTESIAN_POINT ( 'NONE',  ( 79.99999999995681321, -138.5640646055217928, 64.25000000000000000 ) ) ;
#3026 = EDGE_LOOP ( 'NONE', ( #2508, #1410, #1807 ) ) ;
#3027 = LINE ( 'NONE', #1260, #3133 ) ;
#3028 = CARTESIAN_POINT ( 'NONE',  ( -98.65681028346064352, -167.1143965721797997, 37.96808692870665425 ) ) ;
#3029 = EDGE_CURVE ( 'NONE', #361, #2732, #1779, .T. ) ;
#3030 = ORIENTED_EDGE ( 'NONE', *, *, #2430, .F. ) ;
#3031 = DIRECTION ( 'NONE',  ( -0.000000000000000000, -0.000000000000000000, -1.000000000000000000 ) ) ;
#3032 = VERTEX_POINT ( 'NONE', #49 ) ;
#3033 = FACE_BOUND ( 'NONE', #2335, .T. ) ;
#3034 = PERSON_AND_ORGANIZATION ( #1099, #2797 ) ;
#3035 = ORIENTED_EDGE ( 'NONE', *, *, #2136, .F. ) ;
#3036 = DIRECTION ( 'NONE',  ( -1.000000000000000000, 0.000000000000000000, 0.000000000000000000 ) ) ;
#3037 = EDGE_CURVE ( 'NONE', #2943, #3032, #3069, .T. ) ;
#3038 = CARTESIAN_POINT ( 'NONE',  ( -80.00000000000314060, 138.5640646055217076, 64.25000000000000000 ) ) ;
#3039 = VERTEX_POINT ( 'NONE', #1337 ) ;
#3040 = PRODUCT_DEFINITION ( 'UNKNOWN', '', #3121, #2903 ) ;
#3041 = DIRECTION ( 'NONE',  ( -0.000000000000000000, -0.000000000000000000, -1.000000000000000000 ) ) ;
#3042 = CIRCLE ( 'NONE', #2027, 7.249999999999992895 ) ;
#3043 = DIRECTION ( 'NONE',  ( -1.000000000000000000, 0.000000000000000000, 0.000000000000000000 ) ) ;
#3044 = FACE_OUTER_BOUND ( 'NONE', #1530, .T. ) ;
#3045 = ORIENTED_EDGE ( 'NONE', *, *, #1873, .T. ) ;
#3046 = DIRECTION ( 'NONE',  ( -0.000000000000000000, -0.000000000000000000, -1.000000000000000000 ) ) ;
#3047 = CARTESIAN_POINT ( 'NONE',  ( -106.5000000000157456, -171.9060426512068318, 0.000000000000000000 ) ) ;
#3048 = CIRCLE ( 'NONE', #26, 7.249999999999978684 ) ;
#3049 = PERSON_AND_ORGANIZATION_ROLE ( 'classification_officer' ) ;
#3050 = VERTEX_POINT ( 'NONE', #2882 ) ;
#3051 = DIRECTION ( 'NONE',  ( -0.000000000000000000, -0.000000000000000000, -1.000000000000000000 ) ) ;
#3052 = EDGE_LOOP ( 'NONE', ( #2911, #486, #2894, #1502 ) ) ;
#3053 = DIRECTION ( 'NONE',  ( -0.000000000000000000, -0.000000000000000000, -1.000000000000000000 ) ) ;
#3054 = CYLINDRICAL_SURFACE ( 'NONE', #1203, 7.249999999999985789 ) ;
#3055 = CARTESIAN_POINT ( 'NONE',  ( -191.2500000000084412, 8.426987993387561681E-12, 36.50000000000000000 ) ) ;
#3056 = EDGE_CURVE ( 'NONE', #1962, #1847, #2560, .T. ) ;
#3057 = AXIS2_PLACEMENT_3D ( 'NONE', #2387, #2906, #591 ) ;
#3058 = ADVANCED_FACE ( 'NONE', ( #1050 ), #1464, .F. ) ;
#3059 = EDGE_LOOP ( 'NONE', ( #1926, #1590 ) ) ;
#3060 = ORIENTED_EDGE ( 'NONE', *, *, #22, .T. ) ;
#3061 = FACE_OUTER_BOUND ( 'NONE', #821, .T. ) ;
#3062 = CARTESIAN_POINT ( 'NONE',  ( -179.1560426512237427, -99.24999999999269562, 0.000000000000000000 ) ) ;
#3063 = CC_DESIGN_APPROVAL ( #198, ( #3121 ) ) ;
#3064 = AXIS2_PLACEMENT_3D ( 'NONE', #2598, #2085, #1306 ) ;
#3065 = VECTOR ( 'NONE', #681, 1000.000000000000000 ) ;
#3066 = ORIENTED_EDGE ( 'NONE', *, *, #2181, .F. ) ;
#3067 = DIRECTION ( 'NONE',  ( -1.000000000000000000, 0.000000000000000000, 0.000000000000000000 ) ) ;
#3068 = ADVANCED_FACE ( 'NONE', ( #1595 ), #2867, .F. ) ;
#3069 = LINE ( 'NONE', #826, #262 ) ;
#3070 = ORIENTED_EDGE ( 'NONE', *, *, #2889, .T. ) ;
#3071 = DIRECTION ( 'NONE',  ( -0.000000000000000000, -0.000000000000000000, -1.000000000000000000 ) ) ;
#3072 = FACE_OUTER_BOUND ( 'NONE', #168, .T. ) ;
#3073 = CARTESIAN_POINT ( 'NONE',  ( 169.1489316820962188, 105.9552844444585133, 26.12500000000003908 ) ) ;
#3074 = EDGE_LOOP ( 'NONE', ( #129, #1387 ) ) ;
#3075 = EDGE_CURVE ( 'NONE', #929, #1880, #3085, .T. ) ;
#3076 = FACE_OUTER_BOUND ( 'NONE', #1808, .T. ) ;
#3077 = FACE_OUTER_BOUND ( 'NONE', #326, .T. ) ;
#3078 = ADVANCED_FACE ( 'NONE', ( #1082 ), #570, .F. ) ;
#3079 = VECTOR ( 'NONE', #2125, 1000.000000000000000 ) ;
#3080 = ORIENTED_EDGE ( 'NONE', *, *, #2729, .F. ) ;
#3081 = ORIENTED_EDGE ( 'NONE', *, *, #1468, .F. ) ;
#3082 = CARTESIAN_POINT ( 'NONE',  ( 159.9999999999768932, -2.315316122330659707E-11, 100.7500000000000000 ) ) ;
#3083 = AXIS2_PLACEMENT_3D ( 'NONE', #432, #1649, #2941 ) ;
#3084 = AXIS2_PLACEMENT_3D ( 'NONE', #707, #937, #449 ) ;
#3085 = LINE ( 'NONE', #1561, #664 ) ;
#3086 = ORIENTED_EDGE ( 'NONE', *, *, #999, .F. ) ;
#3087 = CARTESIAN_POINT ( 'NONE',  ( -180.9999999999999716, 0.000000000000000000, 64.25000000000000000 ) ) ;
#3088 = AXIS2_PLACEMENT_3D ( 'NONE', #2327, #3046, #4 ) ;
#3089 = AXIS2_PLACEMENT_3D ( 'NONE', #2890, #607, #2090 ) ;
#3090 = DIRECTION ( 'NONE',  ( -1.000000000000000000, 0.000000000000000000, 0.000000000000000000 ) ) ;
#3091 = FACE_OUTER_BOUND ( 'NONE', #3247, .T. ) ;
#3092 = ORIENTED_EDGE ( 'NONE', *, *, #283, .T. ) ;
#3093 = CARTESIAN_POINT ( 'NONE',  ( 172.7985501684740939, 101.3784731093580120, 39.48575415284212653 ) ) ;
#3094 = CARTESIAN_POINT ( 'NONE',  ( 79.99999999999697309, 138.5640646054985723, 64.25000000000000000 ) ) ;
#3095 = EDGE_CURVE ( 'NONE', #2589, #1055, #1031, .T. ) ;
#3096 = ORIENTED_EDGE ( 'NONE', *, *, #1662, .F. ) ;
#3097 = ORIENTED_EDGE ( 'NONE', *, *, #1371, .F. ) ;
#3098 = DIRECTION ( 'NONE',  ( -0.000000000000000000, -0.000000000000000000, -1.000000000000000000 ) ) ;
#3099 = EDGE_LOOP ( 'NONE', ( #2775, #2131, #644 ) ) ;
#3100 = EDGE_CURVE ( 'NONE', #1011, #1609, #2157, .T. ) ;
#3101 = EDGE_CURVE ( 'NONE', #3050, #512, #1610, .T. ) ;
#3102 = CARTESIAN_POINT ( 'NONE',  ( -72.75000000000314060, 138.5640646055217076, 100.7500000000000000 ) ) ;
#3103 = EDGE_LOOP ( 'NONE', ( #1539, #520, #2593, #1078 ) ) ;
#3104 = CARTESIAN_POINT ( 'NONE',  ( -152.7500000000231068, 2.313445474344962434E-11, 100.7500000000000000 ) ) ;
#3105 = DIRECTION ( 'NONE',  ( -1.000000000000000000, 9.184850993605163229E-17, 0.000000000000000000 ) ) ;
#3106 = CYLINDRICAL_SURFACE ( 'NONE', #89, 145.0000000000000000 ) ;
#3107 = ADVANCED_FACE ( 'NONE', ( #1812 ), #2833, .F. ) ;
#3108 = ORIENTED_EDGE ( 'NONE', *, *, #712, .T. ) ;
#3109 = DIRECTION ( 'NONE',  ( -0.000000000000000000, -0.000000000000000000, -1.000000000000000000 ) ) ;
#3110 = DIRECTION ( 'NONE',  ( -0.000000000000000000, -0.000000000000000000, -1.000000000000000000 ) ) ;
#3111 = VECTOR ( 'NONE', #1199, 1000.000000000000000 ) ;
#3112 = CARTESIAN_POINT ( 'NONE',  ( 171.9060426512069171, 99.24999999999258193, -6.674325055353047628E-16 ) ) ;
#3113 = CARTESIAN_POINT ( 'NONE',  ( -138.5640646055217644, 80.00000000002003731, 64.25000000000000000 ) ) ;
#3114 = EDGE_LOOP ( 'NONE', ( #1469, #2569, #38, #1993 ) ) ;
#3115 = AXIS2_PLACEMENT_3D ( 'NONE', #1898, #2919, #901 ) ;
#3116 = CARTESIAN_POINT ( 'NONE',  ( -198.5000000000084128, 8.426100124458180830E-12, 36.50000000000000000 ) ) ;
#3117 = ORIENTED_EDGE ( 'NONE', *, *, #2019, .F. ) ;
#3118 = EDGE_CURVE ( 'NONE', #2879, #1430, #1285, .T. ) ;
#3119 = VECTOR ( 'NONE', #1241, 1000.000000000000114 ) ;
#3120 = CARTESIAN_POINT ( 'NONE',  ( -167.2500000000231353, 2.313356687452024187E-11, 64.25000000000000000 ) ) ;
#3121 = PRODUCT_DEFINITION_FORMATION_WITH_SPECIFIED_SOURCE ( 'ANY', '', #936, .NOT_KNOWN. ) ;
#3122 = ADVANCED_FACE ( 'NONE', ( #806 ), #470, .F. ) ;
#3123 = CARTESIAN_POINT ( 'NONE',  ( -4.500000000000099476, -198.5000000000000000, 38.15236670233584704 ) ) ;
#3124 = FACE_OUTER_BOUND ( 'NONE', #1014, .T. ) ;
#3125 = ORIENTED_EDGE ( 'NONE', *, *, #1811, .T. ) ;
#3126 = VERTEX_POINT ( 'NONE', #2850 ) ;
#3127 = DIRECTION ( 'NONE',  ( -1.000000000000000000, 0.000000000000000000, 0.000000000000000000 ) ) ;
#3128 = LINE ( 'NONE', #2891, #2839 ) ;
#3129 = ORIENTED_EDGE ( 'NONE', *, *, #2484, .T. ) ;
#3130 = ORIENTED_EDGE ( 'NONE', *, *, #2874, .F. ) ;
#3131 = DIRECTION ( 'NONE',  ( -0.000000000000000000, -0.000000000000000000, -1.000000000000000000 ) ) ;
#3132 = ORIENTED_EDGE ( 'NONE', *, *, #3257, .F. ) ;
#3133 = VECTOR ( 'NONE', #1005, 1000.000000000000000 ) ;
#3134 = LINE ( 'NONE', #2096, #2586 ) ;
#3135 = ORIENTED_EDGE ( 'NONE', *, *, #1767, .T. ) ;
#3136 = VERTEX_POINT ( 'NONE', #842 ) ;
#3137 = DIRECTION ( 'NONE',  ( 1.000000000000000000, 0.000000000000000000, 0.000000000000000000 ) ) ;
#3138 = CONICAL_SURFACE ( 'NONE', #2814, 7.249999999999978684, 1.029744258676652535 ) ;
#3139 = CIRCLE ( 'NONE', #1101, 7.250000000000006217 ) ;
#3140 = FACE_OUTER_BOUND ( 'NONE', #598, .T. ) ;
#3141 = LINE ( 'NONE', #576, #2254 ) ;
#3142 = CARTESIAN_POINT ( 'NONE',  ( -92.54336829218296145, -169.1522105692723699, 26.12499999999997513 ) ) ;
#3143 = FACE_OUTER_BOUND ( 'NONE', #671, .T. ) ;
#3144 = AXIS2_PLACEMENT_3D ( 'NONE', #1506, #263, #1555 ) ;
#3145 = VERTEX_POINT ( 'NONE', #1576 ) ;
#3146 = DIRECTION ( 'NONE',  ( -1.000000000000000000, 0.000000000000000000, 0.000000000000000000 ) ) ;
#3147 = CARTESIAN_POINT ( 'NONE',  ( -87.25000000004320100, -138.5640646054986007, 100.7500000000000000 ) ) ;
#3148 = VERTEX_POINT ( 'NONE', #2596 ) ;
#3149 = DIRECTION ( 'NONE',  ( 1.000000000000000000, 0.000000000000000000, 0.000000000000000000 ) ) ;
#3150 = CARTESIAN_POINT ( 'NONE',  ( 211.0000000000000284, 2.584004746200915413E-14, 0.000000000000000000 ) ) ;
#3151 = EDGE_CURVE ( 'NONE', #188, #399, #1891, .T. ) ;
#3152 = FACE_OUTER_BOUND ( 'NONE', #2626, .T. ) ;
#3153 = CARTESIAN_POINT ( 'NONE',  ( 173.9610568307056724, 99.84612054263115510, 39.59089872599779625 ) ) ;
#3154 = EDGE_CURVE ( 'NONE', #2547, #2495, #3134, .T. ) ;
#3155 = DIRECTION ( 'NONE',  ( -0.000000000000000000, -0.000000000000000000, -1.000000000000000000 ) ) ;
#3156 = ORIENTED_EDGE ( 'NONE', *, *, #58, .F. ) ;
#3157 = ADVANCED_FACE ( 'NONE', ( #348 ), #1411, .F. ) ;
#3158 = CYLINDRICAL_SURFACE ( 'NONE', #1043, 7.249999999999978684 ) ;
#3159 = VECTOR ( 'NONE', #2785, 1000.000000000000000 ) ;
#3160 = CARTESIAN_POINT ( 'NONE',  ( -7.250000000016837198, -198.5000000000000000, 0.000000000000000000 ) ) ;
#3161 = ORIENTED_EDGE ( 'NONE', *, *, #2643, .T. ) ;
#3162 = ORIENTED_EDGE ( 'NONE', *, *, #2284, .F. ) ;
#3163 = EDGE_CURVE ( 'NONE', #2401, #1011, #774, .T. ) ;
#3164 = CARTESIAN_POINT ( 'NONE',  ( -7.249999999999985789, 198.5000000000000000, 0.000000000000000000 ) ) ;
#3165 = AXIS2_PLACEMENT_3D ( 'NONE', #1066, #2098, #1882 ) ;
#3166 = VECTOR ( 'NONE', #2512, 1000.000000000000000 ) ;
#3167 = ORIENTED_EDGE ( 'NONE', *, *, #603, .F. ) ;
#3168 = CARTESIAN_POINT ( 'NONE',  ( 179.1560426512069171, 99.24999999999258193, 26.12500000000000355 ) ) ;
#3169 = FACE_BOUND ( 'NONE', #1713, .T. ) ;
#3170 = DIRECTION ( 'NONE',  ( -0.000000000000000000, -0.000000000000000000, -1.000000000000000000 ) ) ;
#3171 = CARTESIAN_POINT ( 'NONE',  ( -106.5000000000001847, 171.9060426512109530, 36.50000000000000000 ) ) ;
#3172 = ADVANCED_FACE ( 'NONE', ( #111 ), #1681, .F. ) ;
#3173 = CYLINDRICAL_SURFACE ( 'NONE', #2156, 7.249999999999978684 ) ;
#3174 = FACE_OUTER_BOUND ( 'NONE', #1856, .T. ) ;
#3175 = LINE ( 'NONE', #2378, #3241 ) ;
#3176 = ADVANCED_FACE ( 'NONE', ( #628 ), #1408, .F. ) ;
#3177 = CARTESIAN_POINT ( 'NONE',  ( 199.5768906261898223, -7.169575130648876637, 40.42046299695872591 ) ) ;
#3178 = EDGE_LOOP ( 'NONE', ( #2256, #1659 ) ) ;
#3179 = LINE ( 'NONE', #886, #1294 ) ;
#3180 = VECTOR ( 'NONE', #559, 1000.000000000000114 ) ;
#3181 = CONICAL_SURFACE ( 'NONE', #1583, 7.249999999999992895, 1.029744258676654090 ) ;
#3182 = VERTEX_POINT ( 'NONE', #1945 ) ;
#3183 = CARTESIAN_POINT ( 'NONE',  ( 172.2832353304505091, 102.1573768981643013, 26.12500000000000355 ) ) ;
#3184 = CARTESIAN_POINT ( 'NONE',  ( 169.1489316994268961, 105.9552844234584796, 36.50000000000000000 ) ) ;
#3185 = ORIENTED_EDGE ( 'NONE', *, *, #3095, .T. ) ;
#3186 = DIRECTION ( 'NONE',  ( -1.000000000000000000, 0.000000000000000000, 0.000000000000000000 ) ) ;
#3187 = DIRECTION ( 'NONE',  ( -1.000000000000000000, 0.000000000000000000, 0.000000000000000000 ) ) ;
#3188 = CIRCLE ( 'NONE', #1752, 7.250000000000006217 ) ;
#3189 = AXIS2_PLACEMENT_3D ( 'NONE', #480, #2064, #1574 ) ;
#3190 = CARTESIAN_POINT ( 'NONE',  ( 7.249999999999995559, 160.0000000000000000, 100.7500000000000000 ) ) ;
#3191 = CARTESIAN_POINT ( 'NONE',  ( 131.3140646054986860, 79.99999999997986322, 64.25000000000000000 ) ) ;
#3192 = VERTEX_POINT ( 'NONE', #2674 ) ;
#3193 = CARTESIAN_POINT ( 'NONE',  ( -3.787963636331074468, -198.7373454545563050, 38.57766867258400367 ) ) ;
#3194 = VECTOR ( 'NONE', #1297, 1000.000000000000114 ) ;
#3195 = ADVANCED_FACE ( 'NONE', ( #1879 ), #2640, .F. ) ;
#3196 = CARTESIAN_POINT ( 'NONE',  ( -160.0000000000231353, 2.313356687452024187E-11, 64.25000000000000000 ) ) ;
#3197 = ORIENTED_EDGE ( 'NONE', *, *, #1669, .T. ) ;
#3198 = CARTESIAN_POINT ( 'NONE',  ( 167.2499999999768932, -2.315227335437721137E-11, 100.7500000000000000 ) ) ;
#3199 = ORIENTED_EDGE ( 'NONE', *, *, #2624, .T. ) ;
#3200 = DIRECTION ( 'NONE',  ( 0.8571673007021117785, 1.049727191138617956E-16, -0.5150380749100550437 ) ) ;
#3201 = FACE_BOUND ( 'NONE', #2067, .T. ) ;
#3202 = ORIENTED_EDGE ( 'NONE', *, *, #831, .T. ) ;
#3203 = ORIENTED_EDGE ( 'NONE', *, *, #2820, .F. ) ;
#3204 = DIRECTION ( 'NONE',  ( -1.000000000000000000, 0.000000000000000000, 0.000000000000000000 ) ) ;
#3205 = CYLINDRICAL_SURFACE ( 'NONE', #2574, 7.249999999999978684 ) ;
#3206 = DIRECTION ( 'NONE',  ( -0.000000000000000000, -0.000000000000000000, -1.000000000000000000 ) ) ;
#3207 = CARTESIAN_POINT ( 'NONE',  ( 0.000000000000000000, 198.5000000000000000, 36.50000000000000000 ) ) ;
#3208 = ORIENTED_EDGE ( 'NONE', *, *, #947, .T. ) ;
#3209 = CARTESIAN_POINT ( 'NONE',  ( -99.25000000000019895, 171.9060426512109530, 0.000000000000000000 ) ) ;
#3210 = CARTESIAN_POINT ( 'NONE',  ( -198.5000000000084128, 8.426100124458180830E-12, 36.50000000000000000 ) ) ;
#3211 = ORIENTED_EDGE ( 'NONE', *, *, #1314, .T. ) ;
#3212 = DIRECTION ( 'NONE',  ( -0.000000000000000000, -0.000000000000000000, -1.000000000000000000 ) ) ;
#3213 = CIRCLE ( 'NONE', #959, 7.249999999999984013 ) ;
#3214 = ADVANCED_FACE ( 'NONE', ( #1118 ), #284, .F. ) ;
#3215 = ORIENTED_EDGE ( 'NONE', *, *, #2285, .F. ) ;
#3216 = CARTESIAN_POINT ( 'NONE',  ( -198.5000000000084128, 8.426100124458180830E-12, -6.674325055353047628E-16 ) ) ;
#3217 = VECTOR ( 'NONE', #303, 1000.000000000000000 ) ;
#3218 = ADVANCED_FACE ( 'NONE', ( #2380 ), #1911, .F. ) ;
#3219 = FACE_BOUND ( 'NONE', #537, .T. ) ;
#3220 = VECTOR ( 'NONE', #870, 1000.000000000000000 ) ;
#3221 = EDGE_CURVE ( 'NONE', #665, #1116, #1520, .T. ) ;
#3222 = CARTESIAN_POINT ( 'NONE',  ( 0.000000000000000000, 0.000000000000000000, 152.2500000000000000 ) ) ;
#3223 = FACE_OUTER_BOUND ( 'NONE', #759, .T. ) ;
#3224 = VECTOR ( 'NONE', #2457, 1000.000000000000114 ) ;
#3225 = CARTESIAN_POINT ( 'NONE',  ( -145.8140646055448997, -79.99999999997994848, 64.25000000000000000 ) ) ;
#3226 = FACE_OUTER_BOUND ( 'NONE', #1818, .T. ) ;
#3227 = EDGE_LOOP ( 'NONE', ( #955, #2675, #2051, #2198 ) ) ;
#3228 = CARTESIAN_POINT ( 'NONE',  ( -92.00000000000021316, 171.9060426512109530, -6.674325055353047628E-16 ) ) ;
#3229 = ORIENTED_EDGE ( 'NONE', *, *, #2464, .T. ) ;
#3230 = CARTESIAN_POINT ( 'NONE',  ( 0.000000000000000000, 0.000000000000000000, 0.000000000000000000 ) ) ;
#3231 = ORIENTED_EDGE ( 'NONE', *, *, #2937, .F. ) ;
#3232 = AXIS2_PLACEMENT_3D ( 'NONE', #875, #1904, #2929 ) ;
#3233 = CYLINDRICAL_SURFACE ( 'NONE', #172, 7.249999999999985789 ) ;
#3234 = FACE_BOUND ( 'NONE', #1602, .T. ) ;
#3235 = CARTESIAN_POINT ( 'NONE',  ( -1.000689258282308618E-14, 160.0000000000000000, 105.1062394879498072 ) ) ;
#3236 = CARTESIAN_POINT ( 'NONE',  ( 0.000000000000000000, 0.000000000000000000, 26.12499999999997513 ) ) ;
#3237 = VECTOR ( 'NONE', #3155, 1000.000000000000000 ) ;
#3238 = ADVANCED_FACE ( 'NONE', ( #2899 ), #128, .F. ) ;
#3239 = AXIS2_PLACEMENT_3D ( 'NONE', #435, #175, #3186 ) ;
#3240 = DIRECTION ( 'NONE',  ( -1.000000000000000000, 0.000000000000000000, 0.000000000000000000 ) ) ;
#3241 = VECTOR ( 'NONE', #614, 1000.000000000000000 ) ;
#3242 = CARTESIAN_POINT ( 'NONE',  ( 199.4155795820594790, -0.8207979380602131725, 40.12001142255302000 ) ) ;
#3243 = CARTESIAN_POINT ( 'NONE',  ( 87.24999999995681321, -138.5640646055217928, 64.25000000000000000 ) ) ;
#3244 = AXIS2_PLACEMENT_3D ( 'NONE', #1466, #2483, #951 ) ;
#3245 = AXIS2_PLACEMENT_3D ( 'NONE', #1167, #710, #179 ) ;
#3246 = CALENDAR_DATE ( 2026, 19, 4 ) ;
#3247 = EDGE_LOOP ( 'NONE', ( #1776, #1562, #2441, #261 ) ) ;
#3248 = DIRECTION ( 'NONE',  ( -0.000000000000000000, -0.000000000000000000, -1.000000000000000000 ) ) ;
#3249 = DIRECTION ( 'NONE',  ( -0.000000000000000000, -0.000000000000000000, -1.000000000000000000 ) ) ;
#3250 = ORIENTED_EDGE ( 'NONE', *, *, #1677, .T. ) ;
#3251 = PLANE ( 'NONE',  #3244 ) ;
#3252 = DIRECTION ( 'NONE',  ( 1.000000000000000000, 0.000000000000000000, 0.000000000000000000 ) ) ;
#3253 = ADVANCED_FACE ( 'NONE', ( #1390 ), #1694, .F. ) ;
#3254 = CARTESIAN_POINT ( 'NONE',  ( -92.00000000000022737, 171.9060426512109530, 0.000000000000000000 ) ) ;
#3255 = CARTESIAN_POINT ( 'NONE',  ( 193.1071617607549058, 60.51678663394331892, 26.12500000000000355 ) ) ;
#3256 = ORIENTED_EDGE ( 'NONE', *, *, #790, .T. ) ;
#3257 = EDGE_CURVE ( 'NONE', #1780, #562, #2130, .T. ) ;
#3258 = DIRECTION ( 'NONE',  ( -1.000000000000000000, 0.000000000000000000, 0.000000000000000000 ) ) ;
#3259 = AXIS2_PLACEMENT_3D ( 'NONE', #2077, #2031, #758 ) ;
#3260 = CYLINDRICAL_SURFACE ( 'NONE', #2410, 185.9999999999999716 ) ;
#3261 = ADVANCED_FACE ( 'NONE', ( #1925 ), #1510, .F. ) ;
#3262 = EDGE_CURVE ( 'NONE', #1333, #665, #413, .T. ) ;
#3263 =( NAMED_UNIT ( * ) SI_UNIT ( $, .STERADIAN. ) SOLID_ANGLE_UNIT ( ) );
#3264 = ORIENTED_EDGE ( 'NONE', *, *, #3279, .F. ) ;
#3265 = CARTESIAN_POINT ( 'NONE',  ( 199.3453699474578968, 1.602815766282164045, 39.77019962153604382 ) ) ;
#3266 = EDGE_CURVE ( 'NONE', #581, #2495, #2368, .T. ) ;
#3267 = CARTESIAN_POINT ( 'NONE',  ( -99.25000000001577405, -171.9060426512068318, 0.000000000000000000 ) ) ;
#3268 = ORIENTED_EDGE ( 'NONE', *, *, #457, .F. ) ;
#3269 = LINE ( 'NONE', #750, #464 ) ;
#3270 = CONICAL_SURFACE ( 'NONE', #1825, 7.249999999999978684, 1.029744258676653423 ) ;
#3271 = AXIS2_PLACEMENT_3D ( 'NONE', #1211, #218, #495 ) ;
#3272 = CARTESIAN_POINT ( 'NONE',  ( 0.000000000000000000, 0.000000000000000000, 0.000000000000000000 ) ) ;
#3273 = DIRECTION ( 'NONE',  ( -0.000000000000000000, -0.000000000000000000, -1.000000000000000000 ) ) ;
#3274 = VERTEX_POINT ( 'NONE', #660 ) ;
#3275 = VECTOR ( 'NONE', #407, 1000.000000000000000 ) ;
#3276 = DIRECTION ( 'NONE',  ( 0.8571673007021128887, 1.049727191138619312E-16, -0.5150380749100530453 ) ) ;
#3277 = ORIENTED_EDGE ( 'NONE', *, *, #1881, .T. ) ;
#3278 = FACE_BOUND ( 'NONE', #1103, .T. ) ;
#3279 = EDGE_CURVE ( 'NONE', #2062, #145, #1679, .T. ) ;
#3280 = DATE_TIME_ROLE ( 'creation_date' ) ;
#3281 = ORIENTED_EDGE ( 'NONE', *, *, #2029, .T. ) ;
#3282 = DIRECTION ( 'NONE',  ( -0.000000000000000000, -0.000000000000000000, -1.000000000000000000 ) ) ;
#3283 = EDGE_LOOP ( 'NONE', ( #2440, #112 ) ) ;
#3284 = DIRECTION ( 'NONE',  ( -0.000000000000000000, -0.000000000000000000, -1.000000000000000000 ) ) ;
#3285 = ORIENTED_EDGE ( 'NONE', *, *, #1129, .T. ) ;
#3286 = DIRECTION ( 'NONE',  ( -0.8571673007021117785, 0.000000000000000000, -0.5150380749100550437 ) ) ;
ENDSEC;
END-ISO-10303-21;
